id_gene,ensembl,gene_name,hgnc_symbol,protein_name,protein_id,uniprot_id
472,ENSG00000286070,GGT1,GGT1,GGT1_HUMAN,396,P19440
989,ENSG00000285456,LTB4R,LTB4R,LT4R1_HUMAN,782,Q15722
1240,ENSG00000285203,LTB4R2,LTB4R2,LT4R2_HUMAN,984,Q9NPC1
1071,ENSG00000285070,ADIPOR2,ADIPOR2,ADR2_HUMAN,843,Q86V24
500,ENSG00000284816,EPHA1,EPHA1,EPHA1_HUMAN,419,P21709
715,ENSG00000284510,KIR2DL3,KIR2DL3,KI2L3_HUMAN,592,P43628
740,ENSG00000284426,KIR3DL1,KIR3DL1,KI3L1_HUMAN,593,P43629
750,ENSG00000284381,KIR3DL2,KIR3DL2,KI3L2_HUMAN,594,P43630
1493,ENSG00000283946,CHRNB1,CHRNB1,ACHB_HUMAN,1159,P11230
1009,ENSG00000283887,LTC4S,LTC4S,LTC4S_HUMAN,1083,Q16873
1651,ENSG00000283859,NLGN2,NLGN2,NLGN2_HUMAN,1265,Q8NFZ4
765,ENSG00000283448,GPR1,GPR1,GPR1_HUMAN,596,P46091
1516,ENSG00000282932,PTPRD,PTPRD,PTPRD_HUMAN,1287,P23468
338,ENSG00000282608,ADORA3,ADORA3,AA3R_HUMAN,301,P0DMS8
831,ENSG00000281917,SLC16A1,SLC16A1,MOT1_HUMAN,650,P53985
127,ENSG00000281324,LRP6,LRP6,LRP6_HUMAN,118,O75581
713,ENSG00000278821,KIR2DL1,KIR2DL1,KI2L1_HUMAN,591,P43626
344,ENSG00000278567,CCL3,CCL3,CCL3_HUMAN,304,P10147
624,ENSG00000278195,SSTR3,SSTR3,SSR3_HUMAN,519,P32745
850,ENSG00000278167,CCL18,CCL18,CCL18_HUMAN,664,P55774
1037,ENSG00000278154,LAIR1,LAIR1,LAIR1_HUMAN,816,Q6GTX8
382,ENSG00000277943,CCL4,CCL4,CCL4_HUMAN,333,P13236
4,ENSG00000277893,SRD5A2,SRD5A2,S5A2_HUMAN,1130,P31213
1110,ENSG00000277807,LILRB1,LILRB1,LIRB1_HUMAN,874,Q8NHL6
854,ENSG00000277641,WNT3,WNT3,WNT3_HUMAN,668,P56703
790,ENSG00000277339,NPBWR2,NPBWR2,NPBW2_HUMAN,613,P48146
1003,ENSG00000277236,CCL14,CCL14,CCL14_HUMAN,795,Q16627
863,ENSG00000277092,LILRA4,LILRA4,LIRA4_HUMAN,676,P59901
1256,ENSG00000277069,RXFP3,RXFP3,RL3R1_HUMAN,998,Q9NSD7
1594,ENSG00000276996,SLC6A3,SLC6A3,SC6A3_HUMAN,1300,Q01959
979,ENSG00000276977,PDCD1,PDCD1,PDCD1_HUMAN,776,Q15116
510,ENSG00000276825,DRD4,DRD4,DRD4_HUMAN,428,P21917
66,ENSG00000276799,WNT9B,WNT9B,WNT9B_HUMAN,70,O14905
640,ENSG00000276191,CRHR1,CRHR1,CRFR1_HUMAN,533,P34998
1089,ENSG00000276146,LILRB2,LILRB2,LIRB2_HUMAN,857,Q8N423
847,ENSG00000276114,CCL23,CCL23,CCL23_HUMAN,663,P55773
11,ENSG00000276085,CCL3L1,CCL3L1,CL3L1_HUMAN,374,P16619
450,ENSG00000276051,HLA-G,HLA-G,HLAG_HUMAN,1336,P17693
1107,ENSG00000275730,LILRB4,LILRB4,LIRB4_HUMAN,873,Q8NHJ6
1005,ENSG00000275718,CCL15,CCL15,CCL15_HUMAN,796,Q16663
327,ENSG00000275565,ALOX5,ALOX5,LOX5_HUMAN,294,P09917
45,ENSG00000275555,DLL1,DLL1,DLL1_HUMAN,53,O00548
977,ENSG00000275434,KIR3DS1,KIR3DS1,KI3S1_HUMAN,774,Q14943
83,ENSG00000275152,CCL16,CCL16,CCL16_HUMAN,79,O15467
326,ENSG00000274473,SCT,SCT,SECR_HUMAN,293,P09683
1220,ENSG00000274338,CATSPERB,CATSPERB,CTSRB_HUMAN,1091,Q9H7T0
1348,ENSG00000274334,VASN,VASN,VASN_HUMAN,1325,Q6EMK4
459,ENSG00000274286,ADRA2B,ADRA2B,ADA2B_HUMAN,385,P18089
386,ENSG00000274233,CCL5,CCL5,CCL5_HUMAN,336,P13501
1340,ENSG00000274143,KIR2DL5A,KIR2DL5A,KI2LA_HUMAN,1248,Q8N109
1135,ENSG00000273936,TNFRSF14,TNFRSF14,TNR14_HUMAN,895,Q92956
871,ENSG00000273686,B2M,B2M,B2MG_HUMAN,680,P61769
1605,ENSG00000273079,GRIN2B,GRIN2B,NMDE2_HUMAN,1143,Q13224
534,ENSG00000272398,CD24,CD24,CD24_HUMAN,1338,P25063
1747,ENSG00000268089,GABRQ,GABRQ,GBRT_HUMAN,1221,Q9UN88
1043,ENSG00000267673,FDX2,FDX2,FDX2_HUMAN,1112,Q6P4F2
1434,ENSG00000267631,CGB1,CGB1,CGB1_HUMAN,1184,A6NKQ9
134,ENSG00000267534,S1PR2,S1PR2,S1PR2_HUMAN,123,O95136
844,ENSG00000266524,GDF10,GDF10,GDF10_HUMAN,661,P55107
1540,ENSG00000265107,GJA5,GJA5,CXA5_HUMAN,1193,P36382
1290,ENSG00000263761,GDF2,GDF2,GDF2_HUMAN,1031,Q9UK05
671,ENSG00000262795,IFNGR2,IFNGR2,INGR2_HUMAN,558,P38484
304,ENSG00000262418,PTPRC,PTPRC,PTPRC_HUMAN,273,P08575
435,ENSG00000261371,PECAM1,PECAM1,PECA1_HUMAN,368,P16284
522,ENSG00000260314,MRC1,MRC1,MRC1_HUMAN,439,P22897
183,ENSG00000259384,GH1,GH1,SOMA_HUMAN,169,P01241
262,ENSG00000259207,ITGB3,ITGB3,ITB3_HUMAN,236,P05106
893,ENSG00000258839,MC1R,MC1R,MSHR_HUMAN,702,Q01726
12,ENSG00000256797,KLRF2,KLRF2,KLRF2_HUMAN,35,D3W0D1
191,ENSG00000254647,INS,INS,INS_HUMAN,177,P01308
337,ENSG00000248329,APELA,APELA,ELA_HUMAN,300,P0DMC3
813,ENSG00000248099,INSL3,INSL3,INSL3_HUMAN,633,P51460
332,ENSG00000244731,C4A,C4A,CO4A_HUMAN,296,P0C0L4
128,ENSG00000243709,LEFTY1,LEFTY1,LFTY1_HUMAN,119,O75610
928,ENSG00000243646,IL10RB,IL10RB,I10R2_HUMAN,728,Q08334
142,ENSG00000243509,TNFRSF6B,TNFRSF6B,TNF6B_HUMAN,131,O95407
826,ENSG00000243364,EFNA4,EFNA4,EFNA4_HUMAN,645,P52798
547,ENSG00000242689,CNTF,CNTF,CNTF_HUMAN,459,P26441
35,ENSG00000241563,CORT,CORT,CORT_HUMAN,43,O00230
384,ENSG00000241186,TDGF1,TDGF1,TDGF1_HUMAN,334,P13385
63,ENSG00000240505,TNFRSF13B,TNFRSF13B,TR13B_HUMAN,68,O14836
90,ENSG00000239697,TNFSF12,TNFSF12,TNF12_HUMAN,84,O43508
1016,ENSG00000238289,MICB,MICB,MICB_HUMAN,800,Q29980
1169,ENSG00000238196,NOTCH4,NOTCH4,NOTC4_HUMAN,923,Q99466
915,ENSG00000238114,LTB,LTB,TNFC_HUMAN,723,Q06643
74,ENSG00000237808,NCR3,NCR3,NCTR3_HUMAN,71,O14931
593,ENSG00000237508,HLA-F,HLA-F,HLAF_HUMAN,1345,P30511
1729,ENSG00000237112,GABBR1,GABBR1,GABR1_HUMAN,1208,Q9UBS5
28,ENSG00000237022,HLA-C,HLA-C,HLAC_HUMAN,38,P10321
257,ENSG00000236637,IFNA4,IFNA4,IFNA4_HUMAN,232,P05014
396,ENSG00000236632,HLA-E,HLA-E,HLAE_HUMAN,342,P13747
569,ENSG00000235712,RXRB,RXRB,RXRB_HUMAN,1128,P28702
400,ENSG00000235708,COL11A2,COL11A2,COBA2_HUMAN,343,P13942
15,ENSG00000235657,HLA-A,HLA-A,HLAA_HUMAN,36,P04439
1017,ENSG00000235233,MICA,MICA,MICA_HUMAN,801,Q29983
210,ENSG00000234829,IFNA17,IFNA17,IFN17_HUMAN,189,P01571
1775,ENSG00000234745,HLA-B,HLA-B,HLAB_HUMAN,37,P01889
771,ENSG00000234651,BAG6,BAG6,BAG6_HUMAN,600,P46379
30,ENSG00000233056,ERVH48-1,ERVH48-1,SUPYN_HUMAN,1334,M5A8F1
197,ENSG00000232810,TNF,TNF,TNFA_HUMAN,181,P01375
6,ENSG00000231852,CYP21A2,CYP21A2,CP21A_HUMAN,1141,P08686
196,ENSG00000231408,LTA,LTA,TNFB_HUMAN,180,P01374
209,ENSG00000228083,IFNA14,IFNA14,IFN14_HUMAN,188,P01570
633,ENSG00000225950,NTF4,NTF4,NTF4_HUMAN,527,P34130
1233,ENSG00000221866,PLXNA4,PLXNA4,PLXA4_HUMAN,978,Q9HCM2
1067,ENSG00000219438,TAFA5,TAFA5,TAFA5_HUMAN,5,Q7Z5A7
1723,ENSG00000218336,TENM3,TENM3,TEN3_HUMAN,1318,Q9P273
1136,ENSG00000215788,TNFRSF25,TNFRSF25,TNR25_HUMAN,896,Q93038
780,ENSG00000215644,GCGR,GCGR,GLR_HUMAN,604,P47871
1021,ENSG00000215018,COL28A1,COL28A1,COSA1_HUMAN,804,Q2UY09
334,ENSG00000214285,NPS,NPS,NPS_HUMAN,297,P0C0P6
206,ENSG00000214042,IFNA7,IFNA7,IFNA7_HUMAN,185,P01567
1444,ENSG00000213977,TAX1BP3,TAX1BP3,TX1B3_HUMAN,1323,O14907
853,ENSG00000213949,ITGA1,ITGA1,ITA1_HUMAN,667,P56199
1314,ENSG00000213927,CCL27,CCL27,CCL27_HUMAN,1054,Q9Y4X3
550,ENSG00000213809,KLRK1,KLRK1,NKG2D_HUMAN,462,P26718
998,ENSG00000213088,ACKR1,ACKR1,ACKR1_HUMAN,791,Q16570
1157,ENSG00000211451,GNRHR2,GNRHR2,GNRR2_HUMAN,913,Q96P88
1081,ENSG00000210082,MT-RNR2,MT-RNR2,HUNIN_HUMAN,1351,Q8IVG9
9,ENSG00000206384,COL6A6,COL6A6,CO6A6_HUMAN,33,A6NMZ7
926,ENSG00000205810,KLRC3,KLRC3,NKG2E_HUMAN,727,Q07444
549,ENSG00000205809,KLRC2,KLRC2,NKG2C_HUMAN,461,P26717
1231,ENSG00000205755,CRLF2,CRLF2,CRLF2_HUMAN,976,Q9HC73
1755,ENSG00000205336,ADGRG1,ADGRG1,AGRG1_HUMAN,1168,Q9Y653
1191,ENSG00000205213,LGR4,LGR4,LGR4_HUMAN,942,Q9BXB1
1093,ENSG00000204936,CD177,CD177,CD177_HUMAN,860,Q8N6Q3
1050,ENSG00000204866,IGFL2,IGFL2,IGFL2_HUMAN,825,Q6UWQ7
1626,ENSG00000204640,NMS,NMS,NMS_HUMAN,1124,Q5H8A3
674,ENSG00000204291,COL15A1,COL15A1,COFA1_HUMAN,1347,P39059
272,ENSG00000204262,COL5A2,COL5A2,CO5A2_HUMAN,245,P05997
959,ENSG00000204217,BMPR2,BMPR2,BMPR2_HUMAN,757,Q13873
1571,ENSG00000204174,NPY4R,NPY4R,NPY4R_HUMAN,1103,P50391
406,ENSG00000203857,HSD3B1,HSD3B1,3BHS1_HUMAN,1077,P14060
1040,ENSG00000203722,RAET1G,RAET1G,RET1G_HUMAN,817,Q6H3X3
379,ENSG00000203618,GP1BB,GP1BB,GP1BB_HUMAN,331,P13224
1130,ENSG00000198963,RORB,RORB,RORB_HUMAN,1,Q92753
1509,ENSG00000198959,TGM2,TGM2,TGM2_HUMAN,1320,P21980
615,ENSG00000198910,L1CAM,L1CAM,L1CAM_HUMAN,510,P32004
1614,ENSG00000198822,GRM3,GRM3,GRM3_HUMAN,1241,Q14832
1295,ENSG00000198753,PLXNB3,PLXNB3,PLXB3_HUMAN,1036,Q9ULL4
1641,ENSG00000198739,LRRTM3,LRRTM3,LRRT3_HUMAN,1259,Q86VH5
254,ENSG00000198400,NTRK1,NTRK1,NTRK1_HUMAN,229,P04629
1691,ENSG00000198246,SLC29A3,SLC29A3,S29A3_HUMAN,1292,Q9BZD2
422,ENSG00000198223,CSF2RA,CSF2RA,CSF2R_HUMAN,357,P15509
1662,ENSG00000198121,LPAR1,LPAR1,LPAR1_HUMAN,1250,Q92633
874,ENSG00000198053,SIRPA,SIRPA,SHPS1_HUMAN,683,P78324
784,ENSG00000198049,AVPR1B,AVPR1B,V1BR_HUMAN,607,P47901
1391,ENSG00000197965,MPZL1,MPZL1,MPZL1_HUMAN,1261,O95297
29,ENSG00000197919,IFNA1,IFNA1,L0N195_HUMAN,182,P01562
289,ENSG00000197746,PSAP,PSAP,SAP_HUMAN,260,P07602
315,ENSG00000197696,NMB,NMB,NMB_HUMAN,283,P08949
1186,ENSG00000197646,PDCD1LG2,PDCD1LG2,PD1L2_HUMAN,937,Q9BQ51
556,ENSG00000197635,DPP4,DPP4,DPP4_HUMAN,467,P27487
960,ENSG00000197565,COL4A6,COL4A6,CO4A6_HUMAN,758,Q14031
1272,ENSG00000197487,GALP,GALP,GALP_HUMAN,1014,Q9UBC7
432,ENSG00000197471,SPN,SPN,LEUK_HUMAN,366,P16150
1029,ENSG00000197467,COL13A1,COL13A1,CODA1_HUMAN,810,Q5TAT6
244,ENSG00000197461,PDGFA,PDGFA,PDGFA_HUMAN,220,P04085
840,ENSG00000197406,DIO3,DIO3,IOD3_HUMAN,657,P55073
502,ENSG00000197405,C5AR1,C5AR1,C5AR1_HUMAN,421,P21730
1100,ENSG00000197272,IL27,IL27,IL27A_HUMAN,866,Q8NEV9
1083,ENSG00000197110,IFNL3,IFNL3,IFNL3_HUMAN,853,Q8IZI9
368,ENSG00000197081,IGF2R,IGF2R,MPRI_HUMAN,320,P11717
1058,ENSG00000197046,SIGLEC15,SIGLEC15,SIG15_HUMAN,1350,Q6ZMC9
1484,ENSG00000196811,CHRNG,CHRNG,ACHG_HUMAN,1162,P07510
930,ENSG00000196776,CD47,CD47,CD47_HUMAN,730,Q08722
1082,ENSG00000196739,COL27A1,COL27A1,CORA1_HUMAN,852,Q8IZC6
646,ENSG00000196639,HRH1,HRH1,HRH1_HUMAN,539,P35367
76,ENSG00000196576,PLXNB2,PLXNB2,PLXB2_HUMAN,73,O15031
1518,ENSG00000196569,LAMA2,LAMA2,LAMA2_HUMAN,1249,P24043
1564,ENSG00000196517,SLC6A9,SLC6A9,SC6A9_HUMAN,1305,P48067
0,ENSG00000196502,SULT1A1,SULT1A1,ST1A1_HUMAN,1154,P50225
777,ENSG00000196433,ASMT,ASMT,ASMT_HUMAN,1115,P46597
835,ENSG00000196411,EPHB4,EPHB4,EPHB4_HUMAN,653,P54760
297,ENSG00000196352,CD55,CD55,DAF_HUMAN,268,P08174
1716,ENSG00000196338,NLGN3,NLGN3,NLGN3_HUMAN,1266,Q9NZ94
1490,ENSG00000196337,CGB7,CGB7,CGB7_HUMAN,1187,P0DN87
1613,ENSG00000196277,GRM7,GRM7,GRM7_HUMAN,1245,Q14831
873,ENSG00000196262,PPIA,PPIA,PPIA_HUMAN,682,P62937
1214,ENSG00000196189,SEMA4A,SEMA4A,SEM4A_HUMAN,964,Q9H3S1
696,ENSG00000196139,AKR1C3,AKR1C3,AK1C3_HUMAN,1090,P42330
1243,ENSG00000196083,IL1RAP,IL1RAP,IL1AP_HUMAN,987,Q9NPH3
877,ENSG00000189056,RELN,RELN,RELN_HUMAN,686,P78509
1063,ENSG00000188958,UTS2B,UTS2B,UTS2B_HUMAN,837,Q765I0
636,ENSG00000188822,CNR2,CNR2,CNR2_HUMAN,530,P34972
1064,ENSG00000188782,CATSPER4,CATSPER4,CTSR4_HUMAN,838,Q7RTX7
405,ENSG00000188778,ADRB3,ADRB3,ADRB3_HUMAN,344,P13945
31,ENSG00000188763,FZD9,FZD9,FZD9_HUMAN,39,O00144
1587,ENSG00000188710,QRFP,QRFP,OX26_HUMAN,1126,P83859
1051,ENSG00000188624,IGFL3,IGFL3,IGFL3_HUMAN,826,Q6UXB1
408,ENSG00000188404,SELL,SELL,LYAM1_HUMAN,345,P14151
1045,ENSG00000188393,CLEC2A,CLEC2A,CLC2A_HUMAN,821,Q6UVW9
204,ENSG00000188379,IFNA2,IFNA2,IFNA2_HUMAN,183,P01563
1049,ENSG00000188373,C10orf99,C10orf99,GP15L_HUMAN,18,Q6UWK7
1046,ENSG00000188293,IGFL1,IGFL1,IGFL1_HUMAN,822,Q6UW32
412,ENSG00000188257,PLA2G2A,PLA2G2A,PA2GA_HUMAN,349,P14555
1033,ENSG00000188211,NCR3LG1,NCR3LG1,NR3L1_HUMAN,814,Q68D85
44,ENSG00000188157,AGRN,AGRN,AGRIN_HUMAN,52,O00468
584,ENSG00000188153,COL4A5,COL4A5,CO4A5_HUMAN,1344,P29400
858,ENSG00000188064,WNT7B,WNT7B,WNT7B_HUMAN,671,P56706
912,ENSG00000187955,COL14A1,COL14A1,COEA1_HUMAN,720,Q05707
1132,ENSG00000187764,SEMA4D,SEMA4D,SEM4D_HUMAN,893,Q92854
1443,ENSG00000187730,GABRD,GABRD,GBRD_HUMAN,1218,O14764
1622,ENSG00000187714,SLC18A3,SLC18A3,VACHT_HUMAN,1324,Q16572
221,ENSG00000187498,COL4A1,COL4A1,CO4A1_HUMAN,200,P02462
536,ENSG00000187474,FPR3,FPR3,FPR3_HUMAN,451,P25089
705,ENSG00000187323,DCC,DCC,DCC_HUMAN,588,P43146
468,ENSG00000187266,EPOR,EPOR,EPOR_HUMAN,392,P19235
1055,ENSG00000187258,NPSR1,NPSR1,NPSR1_HUMAN,830,Q6W5P4
117,ENSG00000187122,SLIT1,SLIT1,SLIT1_HUMAN,110,O75093
275,ENSG00000187094,CCK,CCK,CCKN_HUMAN,248,P06307
927,ENSG00000186951,PPARA,PPARA,PPARA_HUMAN,31,Q07869
1642,ENSG00000186897,C1QL4,C1QL4,C1QL4_HUMAN,1176,Q86Z23
366,ENSG00000186895,FGF3,FGF3,FGF3_HUMAN,319,P11487
1317,ENSG00000186891,TNFRSF18,TNFRSF18,TNR18_HUMAN,1057,Q9Y5U5
1674,ENSG00000186867,QRFPR,QRFPR,QRFPR_HUMAN,1120,Q96P65
707,ENSG00000186827,TNFRSF4,TNFRSF4,TNR4_HUMAN,590,P43489
801,ENSG00000186810,CXCR3,CXCR3,CXCR3_HUMAN,622,P49682
205,ENSG00000186803,IFNA10,IFNA10,IFN10_HUMAN,184,P01566
363,ENSG00000186716,BCR,BCR,BCR_HUMAN,317,P11274
474,ENSG00000186350,RXRA,RXRA,RXRA_HUMAN,1118,P19793
652,ENSG00000186340,THBS2,THBS2,TSP2_HUMAN,19,P35442
1532,ENSG00000186297,GABRA5,GABRA5,GBRA5_HUMAN,1214,P31644
1070,ENSG00000186265,BTLA,BTLA,BTLA_HUMAN,842,Q7Z6A9
1062,ENSG00000186090,HTR3D,HTR3D,5HT3D_HUMAN,836,Q70Z44
8,ENSG00000186038,HTR3E,HTR3E,5HT3E_HUMAN,32,A5X5Y0
1695,ENSG00000185985,SLITRK2,SLITRK2,SLIK2_HUMAN,1310,Q9H156
952,ENSG00000185920,PTCH1,PTCH1,PTC1_HUMAN,1127,Q13635
859,ENSG00000185737,NRG3,NRG3,NRG3_HUMAN,672,P56975
489,ENSG00000185652,NTF3,NTF3,NTF3_HUMAN,409,P20783
284,ENSG00000185624,P4HB,P4HB,PDIA1_HUMAN,255,P07237
884,ENSG00000185559,DLK1,DLK1,DLK1_HUMAN,693,P80370
895,ENSG00000185483,ROR1,ROR1,ROR1_HUMAN,704,Q01973
1080,ENSG00000185436,IFNLR1,IFNLR1,INLR1_HUMAN,851,Q8IU57
553,ENSG00000185291,IL3RA,IL3RA,IL3RA_HUMAN,464,P26951
286,ENSG00000185245,GP1BA,GP1BA,GP1BA_HUMAN,257,P07359
892,ENSG00000185231,MC2R,MC2R,ACTHR_HUMAN,701,Q01718
1041,ENSG00000185187,SIGIRR,SIGIRR,SIGIR_HUMAN,818,Q6IA17
1568,ENSG00000185149,NPY2R,NPY2R,NPY2R_HUMAN,1104,P49146
1449,ENSG00000185070,FLRT2,FLRT2,FLRT2_HUMAN,1206,O43155
1232,ENSG00000185008,ROBO2,ROBO2,ROBO2_HUMAN,977,Q9HCK4
1073,ENSG00000184995,IFNE,IFNE,IFNE_HUMAN,844,Q86WN2
313,ENSG00000184984,CHRM5,CHRM5,ACM5_HUMAN,281,P08912
1306,ENSG00000184916,JAG2,JAG2,JAG2_HUMAN,1046,Q9Y219
501,ENSG00000184845,DRD1,DRD1,DRD1_HUMAN,420,P21728
932,ENSG00000184730,APOBR,APOBR,APOBR_HUMAN,732,Q0VD83
1167,ENSG00000184613,NELL2,NELL2,NELL2_HUMAN,922,Q99435
1700,ENSG00000184564,SLITRK6,SLITRK6,SLIK6_HUMAN,1314,Q9H5Y7
193,ENSG00000184502,GAST,GAST,GAST_HUMAN,179,P01350
766,ENSG00000184451,CCR10,CCR10,CCR10_HUMAN,597,P46092
322,ENSG00000184371,CSF1,CSF1,CSF1_HUMAN,290,P09603
828,ENSG00000184349,EFNA5,EFNA5,EFNA5_HUMAN,647,P52803
1246,ENSG00000184344,GDF3,GDF3,GDF3_HUMAN,990,Q9NR23
782,ENSG00000184254,ALDH1A3,ALDH1A3,AL1A3_HUMAN,1101,P47895
464,ENSG00000184160,ADRA2C,ADRA2C,ADA2C_HUMAN,390,P18825
1106,ENSG00000183979,NPB,NPB,NPB_HUMAN,872,Q8NG41
1094,ENSG00000183971,NPW,NPW,NPW_HUMAN,861,Q8N729
1451,ENSG00000183840,GPR39,GPR39,GPR39_HUMAN,1228,O43194
817,ENSG00000183813,CCR4,CCR4,CCR4_HUMAN,637,P51679
1153,ENSG00000183762,KREMEN1,KREMEN1,KREM1_HUMAN,1109,Q96MU8
789,ENSG00000183729,NPBWR1,NPBWR1,NPBW1_HUMAN,612,P48145
1084,ENSG00000183709,IFNL2,IFNL2,IFNL2_HUMAN,854,Q8IZJ0
1069,ENSG00000183682,BMP8A,BMP8A,BMP8A_HUMAN,841,Q7Z5Y6
1068,ENSG00000183662,TAFA1,TAFA1,TAFA1_HUMAN,29,Q7Z5A9
816,ENSG00000183625,CCR3,CCR3,CCR3_HUMAN,636,P51677
1602,ENSG00000183454,GRIN2A,GRIN2A,NMDE1_HUMAN,1110,Q12879
484,ENSG00000183395,PMCH,PMCH,MCH_HUMAN,405,P20382
1319,ENSG00000183134,PTGDR2,PTGDR2,PD2R2_HUMAN,1059,Q9Y5Y4
969,ENSG00000183087,GAS6,GAS6,GAS6_HUMAN,767,Q14393
1194,ENSG00000182985,CADM1,CADM1,CADM1_HUMAN,945,Q9BY67
1541,ENSG00000182963,GJC1,GJC1,CXG1_HUMAN,1194,P36383
675,ENSG00000182871,COL18A1,COL18A1,COIA1_HUMAN,1348,P39060
274,ENSG00000182866,LCK,LCK,LCK_HUMAN,247,P06239
93,ENSG00000182687,GALR2,GALR2,GALR2_HUMAN,87,O43603
1047,ENSG00000182585,EPGN,EPGN,EPGN_HUMAN,823,Q6UW88
833,ENSG00000182580,EPHB3,EPHB3,EPHB3_HUMAN,651,P54753
285,ENSG00000182578,CSF1R,CSF1R,CSF1R_HUMAN,256,P07333
1079,ENSG00000182393,IFNL1,IFNL1,IFNL1_HUMAN,850,Q8IU54
129,ENSG00000182220,ATP6AP2,ATP6AP2,RENR_HUMAN,11,O75787
1535,ENSG00000182199,SHMT2,SHMT2,GLYM_HUMAN,1227,P34897
136,ENSG00000182168,UNC5C,UNC5C,UNC5C_HUMAN,125,O95185
1023,ENSG00000181847,TIGIT,TIGIT,TIGIT_HUMAN,805,Q495A1
1441,ENSG00000181790,ADGRB1,ADGRB1,AGRB1_HUMAN,1164,O14514
135,ENSG00000181634,TNFSF15,TNFSF15,TNF15_HUMAN,124,O95150
1292,ENSG00000181408,UTS2R,UTS2R,UR2R_HUMAN,1033,Q9UKP6
1174,ENSG00000181374,CCL13,CCL13,CCL13_HUMAN,926,Q99616
176,ENSG00000181195,PENK,PENK,PENK_HUMAN,163,P01210
1521,ENSG00000181104,F2R,F2R,PAR1_HUMAN,1281,P25116
995,ENSG00000181092,ADIPOQ,ADIPOQ,ADIPO_HUMAN,788,Q15848
295,ENSG00000181072,CHRM2,CHRM2,ACM2_HUMAN,266,P08172
602,ENSG00000180914,OXTR,OXTR,OXYR_HUMAN,497,P30559
533,ENSG00000180871,CXCR2,CXCR2,CXCR2_HUMAN,449,P25025
809,ENSG00000180772,AGTR2,AGTR2,AGTR2_HUMAN,630,P50052
296,ENSG00000180720,CHRM4,CHRM4,ACM4_HUMAN,267,P08173
604,ENSG00000180616,SSTR2,SSTR2,SSR2_HUMAN,499,P30874
838,ENSG00000180447,GAS1,GAS1,GAS1_HUMAN,656,P54826
968,ENSG00000180340,FZD2,FZD2,FZD2_HUMAN,766,Q14332
157,ENSG00000180210,F2,F2,THRB_HUMAN,144,P00734
820,ENSG00000179934,CCR8,CCR8,CCR8_HUMAN,640,P51685
1579,ENSG00000179915,NRXN1,NRXN1,NRX1B_HUMAN,1275,P58400
1742,ENSG00000179915,NRXN1,NRXN1,NRX1A_HUMAN,1274,Q9ULB1
631,ENSG00000179776,CDH5,CDH5,CADH5_HUMAN,1346,P33151
1438,ENSG00000179603,GRM8,GRM8,GRM8_HUMAN,1246,O00222
1077,ENSG00000179600,GPHB5,GPHB5,GPHB5_HUMAN,848,Q86YW7
560,ENSG00000179546,HTR1D,HTR1D,5HT1D_HUMAN,470,P28221
1375,ENSG00000179542,SLITRK4,SLITRK4,SLIK4_HUMAN,1312,Q8IW52
1648,ENSG00000179520,SLC17A8,SLC17A8,VGLU3_HUMAN,1328,Q8NDX2
466,ENSG00000179142,CYP11B2,CYP11B2,C11B2_HUMAN,1095,P19099
606,ENSG00000179097,HTR1F,HTR1F,5HT1F_HUMAN,501,P30939
283,ENSG00000178726,THBD,THBD,TRBM_HUMAN,254,P07204
983,ENSG00000178568,ERBB4,ERBB4,ERBB4_HUMAN,778,Q15303
350,ENSG00000178562,CD28,CD28,CD28_HUMAN,308,P10747
1140,ENSG00000178473,UCN3,UCN3,UCN3_HUMAN,900,Q969E3
312,ENSG00000178394,HTR1A,HTR1A,5HT1A_HUMAN,280,P08908
1676,ENSG00000178235,SLITRK1,SLITRK1,SLIK1_HUMAN,1309,Q96PX8
1122,ENSG00000178084,HTR3C,HTR3C,5HT3C_HUMAN,885,Q8WXA8
1245,ENSG00000177707,NECTIN3,NECTIN3,PVRL3_HUMAN,989,Q9NQS3
1148,ENSG00000177663,IL17RA,IL17RA,I17RA_HUMAN,907,Q96F46
1215,ENSG00000177283,FZD8,FZD8,FZD8_HUMAN,965,Q9H461
255,ENSG00000177047,IFNW1,IFNW1,IFNW1_HUMAN,230,P05000
1534,ENSG00000176974,SHMT1,SHMT1,GLYC_HUMAN,1226,P34896
1598,ENSG00000176884,GRIN1,GRIN1,NMDZ1_HUMAN,1269,Q05586
526,ENSG00000176697,BDNF,BDNF,BDNF_HUMAN,443,P23560
1640,ENSG00000176204,LRRTM4,LRRTM4,LRRT4_HUMAN,1260,Q86VH4
630,ENSG00000176136,MC5R,MC5R,MC5R_HUMAN,525,P33032
339,ENSG00000175868,CALCB,CALCB,CALCB_HUMAN,302,P10092
1274,ENSG00000175505,CLCF1,CLCF1,CLCF1_HUMAN,1016,Q9UBD9
659,ENSG00000175344,CHRNA7,CHRNA7,ACHA7_HUMAN,549,P36544
1098,ENSG00000175294,CATSPER1,CATSPER1,CTSR1_HUMAN,864,Q8NEC5
172,ENSG00000175206,NPPA,NPPA,ANF_HUMAN,159,P01160
843,ENSG00000175189,INHBC,INHBC,INHBC_HUMAN,660,P55103
1074,ENSG00000174898,CATSPERD,CATSPERD,CTSRD_HUMAN,845,Q86XM0
641,ENSG00000174808,BTC,BTC,BTC_HUMAN,534,P35070
1369,ENSG00000174807,CD248,CD248,CD248_HUMAN,1182,Q9HCU0
1296,ENSG00000174804,FZD4,FZD4,FZD4_HUMAN,1037,Q9ULV1
686,ENSG00000174697,LEP,LEP,LEP_HUMAN,570,P41159
1611,ENSG00000174669,SLC29A2,SLC29A2,S29A2_HUMAN,1291,Q14542
1181,ENSG00000174600,CMKLR1,CMKLR1,CML1_HUMAN,933,Q99788
1052,ENSG00000174564,IL20RB,IL20RB,I20RB_HUMAN,827,Q6UXL0
637,ENSG00000174417,TRHR,TRHR,TRFR_HUMAN,531,P34981
430,ENSG00000174175,SELP,SELP,LYAM3_HUMAN,364,P16109
573,ENSG00000174059,CD34,CD34,CD34_HUMAN,476,P28906
1632,ENSG00000173621,LRFN4,LRFN4,LRFN4_HUMAN,1255,Q6PJG9
821,ENSG00000173585,CCR9,CCR9,CCR9_HUMAN,641,P51686
767,ENSG00000173578,XCR1,XCR1,XCR1_HUMAN,598,P46094
1044,ENSG00000173546,CSPG4,CSPG4,CSPG4_HUMAN,820,Q6UVK1
62,ENSG00000173535,TNFRSF10C,TNFRSF10C,TR10C_HUMAN,67,O14798
552,ENSG00000173531,MST1,MST1,HGFL_HUMAN,1342,P26927
1278,ENSG00000173530,TNFRSF10D,TNFRSF10D,TR10D_HUMAN,1019,Q9UBN6
805,ENSG00000173511,VEGFB,VEGFB,VEGFB_HUMAN,626,P49765
336,ENSG00000173432,SAA1,SAA1,SAA1_HUMAN,299,P0DJI8
1609,ENSG00000173402,DAG1,DAG1,DAG1_HUMAN,1087,Q14118
1409,ENSG00000173391,OLR1,OLR1,OLR1_HUMAN,1280,P78380
1118,ENSG00000173250,GPR151,GPR151,GP151_HUMAN,881,Q8TDV0
1309,ENSG00000173198,CYSLTR1,CYSLTR1,CLTR1_HUMAN,1049,Q9Y271
1117,ENSG00000173080,RXFP4,RXFP4,RL3R2_HUMAN,880,Q8TDU9
1277,ENSG00000172893,DHCR7,DHCR7,DHCR7_HUMAN,1144,Q9UBM7
391,ENSG00000172819,RARG,RARG,RARG_HUMAN,1119,P13631
10,ENSG00000172752,COL6A5,COL6A5,CO6A5_HUMAN,34,A8TX70
1179,ENSG00000172724,CCL19,CCL19,CCL19_HUMAN,931,Q99731
1316,ENSG00000172410,INSL5,INSL5,INSL5_HUMAN,1056,Q9Y5Q6
655,ENSG00000172270,BSG,BSG,BASI_HUMAN,546,P35613
47,ENSG00000172215,CXCR6,CXCR6,CXCR6_HUMAN,54,O00574
182,ENSG00000172179,PRL,PRL,PRL_HUMAN,168,P01236
815,ENSG00000172156,CCL11,CCL11,CCL11_HUMAN,635,P51671
357,ENSG00000172116,CD8B,CD8B,CD8B_HUMAN,312,P10966
538,ENSG00000171873,ADRA1D,ADRA1D,ADA1D_HUMAN,453,P25100
1759,ENSG00000171867,PRNP,PRNP,APRIO_HUMAN,1173,F7VJQ1
999,ENSG00000171860,C3AR1,C3AR1,C3AR_HUMAN,792,Q16581
211,ENSG00000171855,IFNB1,IFNB1,IFNB_HUMAN,190,P01574
535,ENSG00000171812,COL8A2,COL8A2,CO8A2_HUMAN,450,P25067
1146,ENSG00000171773,NXNL1,NXNL1,NXNL1_HUMAN,13,Q96CM4
1351,ENSG00000171603,CLSTN1,CLSTN1,CSTN1_HUMAN,1188,O94985
1225,ENSG00000171596,NMUR1,NMUR1,NMUR1_HUMAN,970,Q9HB89
105,ENSG00000171587,DSCAM,DSCAM,DSCAM_HUMAN,99,O60469
226,ENSG00000171564,FGB,FGB,FIBB_HUMAN,205,P02675
225,ENSG00000171560,FGA,FGA,FIBA_HUMAN,204,P02671
227,ENSG00000171557,FGG,FGG,FIBG_HUMAN,206,P02679
650,ENSG00000171522,PTGER4,PTGER4,PE2R4_HUMAN,542,P35408
1733,ENSG00000171517,LPAR3,LPAR3,LPAR3_HUMAN,1252,Q9UBY5
1229,ENSG00000171509,RXFP1,RXFP1,RXFP1_HUMAN,974,Q9HBX9
1011,ENSG00000171502,COL24A1,COL24A1,COOA1_HUMAN,799,Q17RW2
1298,ENSG00000171388,APLN,APLN,APEL_HUMAN,1039,Q9ULZ1
1056,ENSG00000171243,SOSTDC1,SOSTDC1,SOSD1_HUMAN,831,Q6X4U4
1544,ENSG00000171189,GRIK1,GRIK1,GRIK1_HUMAN,1234,P39086
1124,ENSG00000171136,RLN3,RLN3,REL3_HUMAN,887,Q8WXF3
1180,ENSG00000171119,NRTN,NRTN,NRTN_HUMAN,932,Q99748
273,ENSG00000171105,INSR,INSR,INSR_HUMAN,246,P06213
1300,ENSG00000171094,ALK,ALK,ALK_HUMAN,1041,Q9UM73
496,ENSG00000171051,FPR1,FPR1,FPR1_HUMAN,416,P21462
537,ENSG00000171049,FPR2,FPR2,FPR2_HUMAN,452,P25090
1201,ENSG00000170962,PDGFD,PDGFD,PDGFD_HUMAN,951,Q9GZP0
485,ENSG00000170893,TRH,TRH,TRH_HUMAN,406,P20396
475,ENSG00000170835,CEL,CEL,CEL_HUMAN,1337,P19835
527,ENSG00000170820,FSHR,FSHR,FSHR_HUMAN,444,P23945
81,ENSG00000170775,GPR37,GPR37,GPR37_HUMAN,77,O15354
465,ENSG00000170558,CDH2,CDH2,CADH2_HUMAN,391,P19022
1617,ENSG00000170498,KISS1,KISS1,KISS1_HUMAN,1074,Q15726
577,ENSG00000170425,ADORA2B,ADORA2B,AA2BR_HUMAN,480,P29275
77,ENSG00000170381,SEMA3E,SEMA3E,SEM3E_HUMAN,74,O15041
647,ENSG00000170214,ADRA1B,ADRA1B,ADA1B_HUMAN,540,P35368
111,ENSG00000170075,GPR37L1,GPR37L1,G37L1_HUMAN,8,O60883
957,ENSG00000170017,ALCAM,ALCAM,CD166_HUMAN,755,Q13740
361,ENSG00000169896,ITGAM,ITGAM,ITAM_HUMAN,315,P11215
1323,ENSG00000169855,ROBO1,ROBO1,ROBO1_HUMAN,1062,Q9Y6N7
582,ENSG00000169836,TACR3,TACR3,NK3R_HUMAN,485,P29371
1645,ENSG00000169760,NLGN1,NLGN1,NLGN1_HUMAN,1264,Q8N2Q7
1120,ENSG00000169752,NRG4,NRG4,NRG4_HUMAN,883,Q8WWG1
597,ENSG00000169684,CHRNA5,CHRNA5,ACHA5_HUMAN,493,P30532
511,ENSG00000169676,DRD5,DRD5,DRD5_HUMAN,429,P21918
1112,ENSG00000169618,PROKR1,PROKR1,PKR1_HUMAN,875,Q8TCW9
610,ENSG00000169442,CD52,CD52,CD52_HUMAN,505,P31358
1347,ENSG00000169439,SDC2,SDC2,SDC2_HUMAN,1307,P34741
1103,ENSG00000169436,COL22A1,COL22A1,COMA1_HUMAN,869,Q8NFW1
341,ENSG00000169429,CXCL8,CXCL8,IL8_HUMAN,303,P10145
428,ENSG00000169418,NPR1,NPR1,ANPRA_HUMAN,362,P16066
1718,ENSG00000169306,IL1RAPL1,IL1RAPL1,IRPL1_HUMAN,1096,Q9NZN1
288,ENSG00000169252,ADRB2,ADRB2,ADRB2_HUMAN,259,P07550
55,ENSG00000169248,CXCL11,CXCL11,CXL11_HUMAN,62,O14625
234,ENSG00000169245,CXCL10,CXCL10,CXL10_HUMAN,213,P02778
491,ENSG00000169242,EFNA1,EFNA1,EFNA1_HUMAN,411,P20827
1020,ENSG00000169218,RSPO1,RSPO1,RSPO1_HUMAN,803,Q2MKA7
642,ENSG00000169194,IL13,IL13,IL13_HUMAN,535,P35225
345,ENSG00000169083,AR,AR,ANDR_HUMAN,12,P10275
896,ENSG00000169071,ROR2,ROR2,ROR2_HUMAN,705,Q01974
894,ENSG00000169031,COL4A3,COL4A3,CO4A3_HUMAN,703,Q01955
1473,ENSG00000169006,NTSR2,NTSR2,NTR2_HUMAN,1279,O95665
33,ENSG00000168961,LGALS9,LGALS9,LEG9_HUMAN,41,O00182
1549,ENSG00000168959,GRM5,GRM5,GRM5_HUMAN,1243,P41594
566,ENSG00000168830,HTR1E,HTR1E,5HT1E_HUMAN,475,P28566
585,ENSG00000168811,IL12A,IL12A,IL12A_HUMAN,486,P29459
1200,ENSG00000168758,SEMA4C,SEMA4C,SEM4C_HUMAN,950,Q9C0C4
442,ENSG00000168685,IL7R,IL7R,IL7RA_HUMAN,376,P16871
676,ENSG00000168621,GDNF,GDNF,GDNF_HUMAN,560,P39905
43,ENSG00000168546,GFRA2,GFRA2,GFRA2_HUMAN,51,O00451
220,ENSG00000168542,COL3A1,COL3A1,CO3A1_HUMAN,199,P02461
362,ENSG00000168539,CHRM1,CHRM1,ACM1_HUMAN,316,P11229
787,ENSG00000168412,MTNR1A,MTNR1A,MTR1A_HUMAN,610,P48039
589,ENSG00000168398,BDKRB2,BDKRB2,BKRB2_HUMAN,490,P30411
799,ENSG00000168329,CX3CR1,CX3CR1,CX3C1_HUMAN,620,P49238
940,ENSG00000168229,PTGDR,PTGDR,PD2R_HUMAN,739,Q13258
950,ENSG00000168081,PNOC,PNOC,PNOC_HUMAN,749,Q13519
1059,ENSG00000168079,SCARA5,SCARA5,SCAR5_HUMAN,833,Q6ZMJ2
238,ENSG00000167996,FTH1,FTH1,FRIH_HUMAN,20,P02794
1331,ENSG00000167775,CD320,CD320,CD320_HUMAN,1183,Q9NPF0
596,ENSG00000167601,AXL,AXL,UFO_HUMAN,492,P30530
1216,ENSG00000167261,DPEP2,DPEP2,DPEP2_HUMAN,1152,Q9H4A9
192,ENSG00000167244,IGF2,IGF2,IGF2_HUMAN,178,P01344
1286,ENSG00000166863,TAC3,TAC3,TKNK_HUMAN,1027,Q9UHF0
1156,ENSG00000166762,CATSPER2,CATSPER2,CTSR2_HUMAN,912,Q96P56
768,ENSG00000166736,HTR3A,HTR3A,5HT3A_HUMAN,599,P46098
619,ENSG00000166603,MC4R,MC4R,MC4R_HUMAN,514,P32245
779,ENSG00000166573,GALR1,GALR1,GALR1_HUMAN,603,P47211
1523,ENSG00000166206,GABRB3,GABRB3,GBRB3_HUMAN,1217,P28472
669,ENSG00000166148,AVPR1A,AVPR1A,V1AR_HUMAN,557,P37288
654,ENSG00000166147,FBN1,FBN1,FBN1_HUMAN,545,P35555
1192,ENSG00000166126,AMN,AMN,AMNLS_HUMAN,943,Q9BXJ7
1209,ENSG00000166090,IL25,IL25,IL25_HUMAN,959,Q9H293
1189,ENSG00000166086,JAM3,JAM3,JAM3_HUMAN,940,Q9BX67
1627,ENSG00000165985,C1QL3,C1QL3,C1QL3_HUMAN,1175,Q5VWW1
1752,ENSG00000165970,SLC6A5,SLC6A5,SC6A5_HUMAN,1302,Q9Y345
1057,ENSG00000165802,NSMF,NSMF,NSMF_HUMAN,832,Q6X4W1
290,ENSG00000165731,RET,RET,RET_HUMAN,261,P07949
1599,ENSG00000165646,SLC18A2,SLC18A2,VMAT2_HUMAN,1332,Q05940
439,ENSG00000165409,TSHR,TSHR,TSHR_HUMAN,372,P16473
1673,ENSG00000165379,LRFN5,LRFN5,LRFN5_HUMAN,1256,Q96NI6
1470,ENSG00000165300,SLITRK5,SLITRK5,SLIK5_HUMAN,1313,O94991
1649,ENSG00000165246,NLGN4Y,NLGN4Y,NLGNY_HUMAN,1268,Q8NFZ3
98,ENSG00000165197,VEGFD,VEGFD,VEGFD_HUMAN,92,O43915
155,ENSG00000165092,ALDH1A1,ALDH1A1,AL1A1_HUMAN,1121,P00352
143,ENSG00000165029,ABCA1,ABCA1,ABCA1_HUMAN,2,O95477
102,ENSG00000164930,FZD6,FZD6,FZD6_HUMAN,96,O60353
1173,ENSG00000164850,GPER1,GPER1,GPER1_HUMAN,925,Q99527
41,ENSG00000164761,TNFRSF11B,TNFRSF11B,TR11B_HUMAN,49,O00300
293,ENSG00000164692,COL1A2,COL1A2,CO1A2_HUMAN,264,P08123
987,ENSG00000164690,SHH,SHH,SHH_HUMAN,781,Q15465
1635,ENSG00000164638,SLC29A4,SLC29A4,S29A4_HUMAN,1293,Q7RTT9
1096,ENSG00000164535,DAGLB,DAGLB,DGLB_HUMAN,863,Q8NCG7
1398,ENSG00000164530,PI16,PI16,PI16_HUMAN,1284,Q6UXB8
1113,ENSG00000164520,RAET1E,RAET1E,N2DL4_HUMAN,876,Q8TD07
1603,ENSG00000164418,GRIK2,GRIK2,GRIK2_HUMAN,1235,Q13002
103,ENSG00000164404,GDF9,GDF9,GDF9_HUMAN,97,O60383
247,ENSG00000164400,CSF2,CSF2,CSF2_HUMAN,223,P04141
310,ENSG00000164399,IL3,IL3,IL3_HUMAN,278,P08700
953,ENSG00000164270,HTR4,HTR4,5HT4R_HUMAN,751,Q13639
1439,ENSG00000164220,F2RL2,F2RL2,PAR3_HUMAN,1282,O00254
444,ENSG00000164171,ITGA2,ITGA2,ITA2_HUMAN,378,P17301
1159,ENSG00000164161,HHIP,HHIP,HHIP_HUMAN,915,Q96QV1
682,ENSG00000164136,IL15,IL15,IL15_HUMAN,566,P40933
1618,ENSG00000164129,NPY5R,NPY5R,NPY5R_HUMAN,1085,Q15761
1522,ENSG00000164128,NPY1R,NPY1R,NPY1R_HUMAN,1086,P25929
1610,ENSG00000164082,GRM2,GRM2,GRM2_HUMAN,1240,Q14416
911,ENSG00000164078,MST1R,MST1R,RON_HUMAN,719,Q04912
87,ENSG00000164050,PLXNB1,PLXNB1,PLXB1_HUMAN,81,O43157
598,ENSG00000163956,LRPAP1,LRPAP1,AMRP_HUMAN,10,P30533
1604,ENSG00000163873,GRIK3,GRIK3,GRIK3_HUMAN,1236,Q13003
620,ENSG00000163823,CCR1,CCR1,CCR1_HUMAN,515,P32246
842,ENSG00000163794,UCN,UCN,UCN1_HUMAN,659,P55089
634,ENSG00000163785,RYK,RYK,RYK_HUMAN,528,P34925
319,ENSG00000163739,CXCL1,CXCL1,GROA_HUMAN,287,P09341
233,ENSG00000163737,PF4,PF4,PLF4_HUMAN,212,P02776
232,ENSG00000163736,PPBP,PPBP,CXCL7_HUMAN,211,P02775
699,ENSG00000163735,CXCL5,CXCL5,CXCL5_HUMAN,582,P42830
477,ENSG00000163734,CXCL3,CXCL3,CXCL3_HUMAN,398,P19876
1095,ENSG00000163702,IL17RC,IL17RC,I17RC_HUMAN,862,Q8NAC3
1102,ENSG00000163701,IL17RE,IL17RE,I17RE_HUMAN,868,Q8NFR9
231,ENSG00000163631,ALB,ALB,ALBU_HUMAN,210,P02768
1114,ENSG00000163606,CD200R1,CD200R1,MO2R1_HUMAN,877,Q8TD46
1325,ENSG00000163600,ICOS,ICOS,ICOS_HUMAN,1064,Q9Y6W8
436,ENSG00000163599,CTLA4,CTLA4,CTLA4_HUMAN,369,P16410
667,ENSG00000163513,TGFBR2,TGFBR2,TGFR2_HUMAN,556,P37173
972,ENSG00000163501,IHH,IHH,IHH_HUMAN,770,Q14623
599,ENSG00000163485,ADORA1,ADORA1,AA1R_HUMAN,494,P30542
532,ENSG00000163464,CXCR1,CXCR1,CXCR1_HUMAN,448,P25024
1230,ENSG00000163421,PROK2,PROK2,PROK2_HUMAN,975,Q9HC23
616,ENSG00000163394,CCKAR,CCKAR,CCKAR_HUMAN,511,P32238
1151,ENSG00000163377,TAFA4,TAFA4,TAFA4_HUMAN,7,Q96LR4
373,ENSG00000163359,COL6A3,COL6A3,CO6A3_HUMAN,325,P12111
947,ENSG00000163251,FZD5,FZD5,FZD5_HUMAN,746,Q13467
168,ENSG00000163235,TGFA,TGFA,TGFA_HUMAN,155,P01135
140,ENSG00000163217,BMP10,BMP10,BMP10_HUMAN,129,O95393
320,ENSG00000163083,INHBB,INHBB,INHBB_HUMAN,288,P09529
1131,ENSG00000162998,FRZB,FRZB,SFRP3_HUMAN,892,Q92765
1639,ENSG00000162951,LRRTM1,LRRTM1,LRRT1_HUMAN,1257,Q86UE6
1405,ENSG00000162896,PIGR,PIGR,PIGR_HUMAN,1285,P01833
937,ENSG00000162892,IL24,IL24,IL24_HUMAN,737,Q13007
1259,ENSG00000162891,IL20,IL20,IL20_HUMAN,1001,Q9NYY1
1116,ENSG00000162881,OXER1,OXER1,OXER1_HUMAN,879,Q8TDS5
1086,ENSG00000162706,CADM3,CADM3,CADM3_HUMAN,856,Q8N126
470,ENSG00000162692,VCAM1,VCAM1,VCAM1_HUMAN,394,P19320
1030,ENSG00000162594,IL23R,IL23R,IL23R_HUMAN,811,Q5VWK5
857,ENSG00000162552,WNT4,WNT4,WNT4_HUMAN,670,P56705
1440,ENSG00000162383,SLC1A7,SLC1A7,EAA5_HUMAN,1201,O00341
147,ENSG00000162344,FGF19,FGF19,FGF19_HUMAN,135,O95750
120,ENSG00000162337,LRP5,LRP5,LRP5_HUMAN,113,O75197
644,ENSG00000162009,SSTR5,SSTR5,SSR5_HUMAN,537,P35346
130,ENSG00000161955,TNFSF13,TNFSF13,TNF13_HUMAN,120,O75888
1210,ENSG00000161921,CXCL16,CXCL16,CXL16_HUMAN,960,Q9H2A7
308,ENSG00000161638,ITGA5,ITGA5,ITA5_HUMAN,277,P08648
94,ENSG00000161610,HCRT,HCRT,OREX_HUMAN,88,O43612
519,ENSG00000161513,FDXR,FDXR,ADRO_HUMAN,1107,P22570
1616,ENSG00000161509,GRIN2C,GRIN2C,NMDE3_HUMAN,1132,Q14957
1143,ENSG00000160963,COL26A1,COL26A1,COQA1_HUMAN,903,Q96A83
638,ENSG00000160951,PTGER1,PTGER1,PE2R1_HUMAN,532,P34995
425,ENSG00000160882,CYP11B1,CYP11B1,C11B1_HUMAN,1134,P15538
309,ENSG00000160868,CYP3A4,CYP3A4,CP3A4_HUMAN,1131,P08684
517,ENSG00000160867,FGFR4,FGFR4,FGFR4_HUMAN,435,P22455
907,ENSG00000160801,PTH1R,PTH1R,PTH1R_HUMAN,715,Q03431
818,ENSG00000160791,CCR5,CCR5,CCR5_HUMAN,638,P51681
452,ENSG00000160716,CHRNB2,CHRNB2,ACHB2_HUMAN,379,P17787
311,ENSG00000160712,IL6R,IL6R,IL6RA_HUMAN,279,P08887
623,ENSG00000160683,CXCR5,CXCR5,CXCR5_HUMAN,518,P32302
1404,ENSG00000160593,JAML,JAML,JAML_HUMAN,1247,Q86YT9
263,ENSG00000160255,ITGB2,ITGB2,ITB2_HUMAN,237,P05107
119,ENSG00000160223,ICOSLG,ICOSLG,ICOSL_HUMAN,112,O75144
704,ENSG00000160013,PTGIR,PTGIR,PI2R_HUMAN,587,P43119
1161,ENSG00000159958,TNFRSF13C,TNFRSF13C,TR13C_HUMAN,916,Q96RJ3
38,ENSG00000159723,AGRP,AGRP,AGRP_HUMAN,46,O00253
1142,ENSG00000159346,ADIPOR1,ADIPOR1,ADR1_HUMAN,902,Q96A54
433,ENSG00000159228,CBR1,CBR1,CBR1_HUMAN,1068,P16152
324,ENSG00000159224,GIP,GIP,GIP_HUMAN,292,P09681
795,ENSG00000159110,IFNAR2,IFNAR2,INAR2_HUMAN,616,P48551
224,ENSG00000158874,APOA2,APOA2,APOA2_HUMAN,203,P02652
101,ENSG00000158815,FGF17,FGF17,FGF17_HUMAN,95,O60258
1320,ENSG00000158769,F11R,F11R,JAM1_HUMAN,1060,Q9Y624
810,ENSG00000158748,HTR6,HTR6,5HT6R_HUMAN,631,P50406
1525,ENSG00000158485,CD1B,CD1B,CD1B_HUMAN,1181,P29016
427,ENSG00000158473,CD1D,CD1D,CD1D_HUMAN,361,P15813
54,ENSG00000158458,NRG2,NRG2,NRG2_HUMAN,61,O14511
1698,ENSG00000158258,CLSTN2,CLSTN2,CSTN2_HUMAN,1189,Q9H4D0
1111,ENSG00000157870,PRXL2B,PRXL2B,PXL2B_HUMAN,1075,Q8TBF2
349,ENSG00000157404,KIT,KIT,KIT_HUMAN,307,P10721
1060,ENSG00000157368,IL34,IL34,IL34_HUMAN,834,Q6ZMJ4
1304,ENSG00000157240,FZD1,FZD1,FZD1_HUMAN,1044,Q9UP38
783,ENSG00000157219,HTR5A,HTR5A,5HT5A_HUMAN,606,P47898
963,ENSG00000157193,LRP8,LRP8,LRP8_HUMAN,761,Q14114
898,ENSG00000157168,NRG1,NRG1,NRG1_HUMAN,707,Q02297
1529,ENSG00000157103,SLC6A1,SLC6A1,SC6A1_HUMAN,1298,P30531
1280,ENSG00000157017,GHRL,GHRL,GHRL_HUMAN,1021,Q9UBU3
869,ENSG00000157005,SST,SST,SMS_HUMAN,679,P61278
946,ENSG00000156886,ITGAD,ITGAD,ITAD_HUMAN,745,Q13349
1054,ENSG00000156687,UNC5D,UNC5D,UNC5D_HUMAN,829,Q6UXZ4
1163,ENSG00000156574,NODAL,NODAL,NODAL_HUMAN,918,Q96S42
1042,ENSG00000156466,GDF6,GDF6,GDF6_HUMAN,819,Q6KF10
100,ENSG00000156234,CXCL13,CXCL13,CXL13_HUMAN,94,O43927
1318,ENSG00000156076,WIF1,WIF1,WIF1_HUMAN,1058,Q9Y5W5
1031,ENSG00000155918,RAET1L,RAET1L,RET1L_HUMAN,812,Q5VY80
116,ENSG00000155760,FZD7,FZD7,FZD7_HUMAN,109,O75084
1550,ENSG00000155511,GRIA1,GRIA1,GRIA1_HUMAN,1229,P42261
1279,ENSG00000155011,DKK2,DKK2,DKK2_HUMAN,1020,Q9UBU2
836,ENSG00000154928,EPHB1,EPHB1,EPHB1_HUMAN,654,P54762
53,ENSG00000154764,WNT7A,WNT7A,WNT7A_HUMAN,60,O00755
860,ENSG00000154721,JAM2,JAM2,JAM2_HUMAN,673,P57087
856,ENSG00000154342,WNT3A,WNT3A,WNT3A_HUMAN,669,P56704
985,ENSG00000154188,ANGPT1,ANGPT1,ANGP1_HUMAN,780,Q15389
803,ENSG00000154165,GPR15,GPR15,GPR15_HUMAN,624,P49685
1152,ENSG00000154134,ROBO3,ROBO3,ROBO3_HUMAN,909,Q96MS0
1,ENSG00000154127,UBASH3B,UBASH3B,UBS3B_HUMAN,1113,Q8TF42
249,ENSG00000154096,THY1,THY1,THY1_HUMAN,224,P04216
217,ENSG00000153563,CD8A,CD8A,CD8A_HUMAN,196,P01732
679,ENSG00000153283,CD96,CD96,TACT_HUMAN,563,P40200
935,ENSG00000153208,MERTK,MERTK,MERTK_HUMAN,735,Q12866
513,ENSG00000153162,BMP6,BMP6,BMP6_HUMAN,431,P22004
1606,ENSG00000152822,GRM1,GRM1,GRM1_HUMAN,1239,Q13255
1075,ENSG00000152705,CATSPER3,CATSPER3,CTSR3_HUMAN,846,Q86XQ3
1500,ENSG00000152661,GJA1,GJA1,CXA1_HUMAN,1191,P17302
1561,ENSG00000152578,GRIA4,GRIA4,GRIA4_HUMAN,1232,P48058
187,ENSG00000152266,PTH,PTH,PTHY_HUMAN,173,P01270
1758,ENSG00000152208,GRID2,GRID2,GRID2_HUMAN,1233,O43424
1253,ENSG00000152207,CYSLTR2,CYSLTR2,CLTR2_HUMAN,996,Q9NS75
1141,ENSG00000152034,MCHR2,MCHR2,MCHR2_HUMAN,901,Q969V1
852,ENSG00000151892,GFRA1,GFRA1,GFRA1_HUMAN,666,P56159
1250,ENSG00000151882,CCL28,CCL28,CCL28_HUMAN,993,Q9NRJ3
1558,ENSG00000151834,GABRA2,GABRA2,GBRA2_HUMAN,1211,P47869
298,ENSG00000151623,NR3C2,NR3C2,MCR_HUMAN,21,P08235
1520,ENSG00000151617,EDNRA,EDNRA,EDNRA_HUMAN,1106,P25101
653,ENSG00000151577,DRD3,DRD3,DRD3_HUMAN,544,P35462
354,ENSG00000151090,THRB,THRB,THB_HUMAN,24,P10828
964,ENSG00000150782,IL18,IL18,IL18_HUMAN,762,Q14116
991,ENSG00000150637,CD226,CD226,CD226_HUMAN,784,Q15762
806,ENSG00000150630,VEGFC,VEGFC,VEGFC_HUMAN,627,P49767
314,ENSG00000150594,ADRA2A,ADRA2A,ADA2A_HUMAN,282,P08913
1702,ENSG00000150471,ADGRL3,ADGRL3,AGRL3_HUMAN,1171,Q9HAR2
271,ENSG00000150093,ITGB1,ITGB1,ITB1_HUMAN,244,P05556
1266,ENSG00000150045,KLRF1,KLRF1,KLRF1_HUMAN,1008,Q9NZS2
1076,ENSG00000149932,TMEM219,TMEM219,TM219_HUMAN,847,Q86XT9
1164,ENSG00000149735,GPHA2,GPHA2,GPHA2_HUMAN,919,Q96T91
1145,ENSG00000149564,ESAM,ESAM,ESAM_HUMAN,905,Q96AP7
1619,ENSG00000149403,GRIK4,GRIK4,GRIK4_HUMAN,1237,Q16099
138,ENSG00000149305,HTR3B,HTR3B,5HT3B_HUMAN,127,O95264
411,ENSG00000149295,DRD2,DRD2,DRD2_HUMAN,348,P14416
388,ENSG00000149294,NCAM1,NCAM1,NCAM1_HUMAN,337,P13591
1628,ENSG00000149256,TENM4,TENM4,TEN4_HUMAN,1319,Q6N022
1025,ENSG00000149084,HSD17B12,HSD17B12,DHB12_HUMAN,1117,Q53GQ0
1704,ENSG00000148948,LRRC4C,LRRC4C,LRC4C_HUMAN,1254,Q9HCJ2
643,ENSG00000148926,ADM,ADM,ADML_HUMAN,536,P35318
261,ENSG00000148795,CYP17A1,CYP17A1,CP17A_HUMAN,1098,P05093
1693,ENSG00000148734,NPFFR1,NPFFR1,NPFF1_HUMAN,1082,Q9GZQ6
635,ENSG00000148680,HTR7,HTR7,5HT7R_HUMAN,529,P34969
776,ENSG00000148400,NOTCH1,NOTCH1,NOTC1_HUMAN,601,P46531
883,ENSG00000148346,LCN2,LCN2,NGAL_HUMAN,692,P80188
56,ENSG00000148344,PTGES,PTGES,PTGES_HUMAN,1097,O14684
1222,ENSG00000148334,PTGES2,PTGES2,PGES2_HUMAN,1066,Q9H7Z7
1001,ENSG00000148053,NTRK2,NTRK2,NTRK2_HUMAN,794,Q16620
1268,ENSG00000147896,IFNK,IFNK,IFNK_HUMAN,1010,Q9P0W0
258,ENSG00000147885,IFNA16,IFNA16,IFN16_HUMAN,233,P05015
208,ENSG00000147873,IFNA5,IFNA5,IFNA5_HUMAN,187,P01569
150,ENSG00000147869,CER1,CER1,CER1_HUMAN,138,O95813
886,ENSG00000147852,VLDLR,VLDLR,VLDLR_HUMAN,695,P98155
1053,ENSG00000147655,RSPO2,RSPO2,RSPO2_HUMAN,828,Q6UXX9
281,ENSG00000147571,CRH,CRH,CRF_HUMAN,253,P06850
171,ENSG00000147437,GNRH1,GNRH1,GON1_HUMAN,158,P01148
994,ENSG00000147434,CHRNA6,CHRNA6,ACHA6_HUMAN,787,Q15825
913,ENSG00000147432,CHRNB3,CHRNB3,ACHB3_HUMAN,721,Q05901
814,ENSG00000147257,GPC3,GPC3,GPC3_HUMAN,634,P51654
564,ENSG00000147246,HTR2C,HTR2C,5HT2C_HUMAN,473,P28335
613,ENSG00000147168,IL2RG,IL2RG,IL2RG_HUMAN,508,P31785
1644,ENSG00000146938,NLGN4X,NLGN4X,NLGNX_HUMAN,1267,Q8N0W4
454,ENSG00000146674,IGFBP3,IGFBP3,IBP3_HUMAN,381,P17936
156,ENSG00000146648,EGFR,EGFR,EGFR_HUMAN,143,P00533
189,ENSG00000146469,VIP,VIP,VIP_HUMAN,175,P01282
1680,ENSG00000146399,TAAR1,TAAR1,TAAR1_HUMAN,1315,Q96RJ0
1193,ENSG00000146374,RSPO3,RSPO3,RSPO3_HUMAN,944,Q9BXY4
124,ENSG00000146072,TNFRSF21,TNFRSF21,TNR21_HUMAN,116,O75509
109,ENSG00000146013,GFRA3,GFRA3,GFRA3_HUMAN,103,O60609
1452,ENSG00000146006,LRRTM2,LRRTM2,LRRT2_HUMAN,1258,O43300
1710,ENSG00000145934,TENM2,TENM2,TEN2_HUMAN,1317,Q9NT68
1512,ENSG00000145888,GLRA1,GLRA1,GLRA1_HUMAN,1222,P23415
1559,ENSG00000145864,GABRB2,GABRB2,GBRB2_HUMAN,1216,P47870
1620,ENSG00000145863,GABRA6,GABRA6,GBRA6_HUMAN,1215,Q16445
419,ENSG00000145839,IL9,IL9,IL9_HUMAN,354,P15248
145,ENSG00000145824,CXCL14,CXCL14,CXL14_HUMAN,133,O95715
1139,ENSG00000145777,TSLP,TSLP,TSLP_HUMAN,899,Q969D9
1175,ENSG00000145623,OSMR,OSMR,OSMR_HUMAN,927,Q99650
7,ENSG00000145545,SRD5A1,SRD5A1,S5A1_HUMAN,1084,P18405
1249,ENSG00000145431,PDGFC,PDGFC,PDGFC_HUMAN,992,Q9NRA1
1149,ENSG00000145423,SFRP2,SFRP2,SFRP2_HUMAN,908,Q96HF1
1670,ENSG00000145248,SLC10A4,SLC10A4,NTCP4_HUMAN,1278,Q96EP9
834,ENSG00000145242,EPHA5,EPHA5,EPHA5_HUMAN,652,P54756
132,ENSG00000145147,SLIT2,SLIT2,SLIT2_HUMAN,121,O94813
1162,ENSG00000145040,UCN2,UCN2,UCN2_HUMAN,917,Q96RP3
601,ENSG00000144891,AGTR1,AGTR1,AGTR1_HUMAN,496,P30556
1188,ENSG00000144857,BOC,BOC,BOC_HUMAN,939,Q9BWV1
122,ENSG00000144852,NR1I2,NR1I2,NR1I2_HUMAN,27,O75469
558,ENSG00000144810,COL8A1,COL8A1,CO8A1_HUMAN,1343,P27658
958,ENSG00000144668,ITGA9,ITGA9,ITA9_HUMAN,756,Q13797
50,ENSG00000144648,ACKR2,ACKR2,ACKR2_HUMAN,57,O00590
540,ENSG00000144476,ACKR3,ACKR3,ACKR3_HUMAN,1339,P25106
798,ENSG00000144407,PTH2R,PTH2R,PTH2R_HUMAN,619,P49190
943,ENSG00000144230,GPR17,GPR17,GPR17_HUMAN,742,Q13304
1637,ENSG00000144119,C1QL2,C1QL2,C1QL2_HUMAN,1174,Q7Z5L3
1066,ENSG00000143869,GDF7,GDF7,GDF7_HUMAN,840,Q7Z4P5
161,ENSG00000143839,REN,REN,RENI_HUMAN,148,P00797
64,ENSG00000143816,WNT9A,WNT9A,WNT9A_HUMAN,69,O14904
39,ENSG00000143768,LEFTY2,LEFTY2,LFTY2_HUMAN,47,O00292
825,ENSG00000143590,EFNA3,EFNA3,EFNA3_HUMAN,644,P52797
812,ENSG00000143365,RORC,RORC,RORG_HUMAN,17,P51449
583,ENSG00000143320,CRABP2,CRABP2,RABP2_HUMAN,1076,P29373
1154,ENSG00000143217,NECTIN4,NECTIN4,PVRL4_HUMAN,910,Q96NY8
1273,ENSG00000143185,XCL2,XCL2,XCL2_HUMAN,1015,Q9UBD3
785,ENSG00000143184,XCL1,XCL1,XCL1_HUMAN,608,P47992
793,ENSG00000143171,RXRG,RXRG,RXRG_HUMAN,1140,P48443
125,ENSG00000143127,ITGA10,ITGA10,ITA10_HUMAN,117,O75578
862,ENSG00000143125,PROK1,PROK1,PROK1_HUMAN,675,P58294
1377,ENSG00000142949,PTPRF,PTPRF,PTPRF_HUMAN,1288,P10586
1092,ENSG00000142677,IL22RA1,IL22RA1,I22R1_HUMAN,859,Q8N6P7
578,ENSG00000142627,EPHA2,EPHA2,EPHA2_HUMAN,481,P29317
1144,ENSG00000142538,PTH2,PTH2,TIP39_HUMAN,904,Q96A98
1150,ENSG00000142512,SIGLEC10,SIGLEC10,SIG10_HUMAN,1352,Q96LC7
1285,ENSG00000142224,IL19,IL19,IL19_HUMAN,1026,Q9UHD0
260,ENSG00000142192,APP,APP,A4_HUMAN,235,P05067
372,ENSG00000142173,COL6A2,COL6A2,CO6A2_HUMAN,324,P12110
443,ENSG00000142166,IFNAR1,IFNAR1,INAR1_HUMAN,377,P17181
371,ENSG00000142156,COL6A1,COL6A1,CO6A1_HUMAN,323,P12109
360,ENSG00000141744,PNMT,PNMT,PNMT_HUMAN,1156,P11086
252,ENSG00000141736,ERBB2,ERBB2,ERBB2_HUMAN,227,P04626
1324,ENSG00000141655,TNFRSF11A,TNFRSF11A,TNR11_HUMAN,1063,Q9Y6Q6
460,ENSG00000141433,ADCYAP1,ADCYAP1,PACA_HUMAN,386,P18509
1217,ENSG00000141096,DPEP3,DPEP3,DPEP3_HUMAN,1072,Q9H4B8
487,ENSG00000140678,ITGAX,ITGAX,ITAX_HUMAN,408,P20702
996,ENSG00000140538,NTRK3,NTRK3,NTRK3_HUMAN,789,Q16288
264,ENSG00000140459,CYP11A1,CYP11A1,CP11A_HUMAN,1123,P05108
292,ENSG00000140443,IGF1R,IGF1R,IGF1R_HUMAN,263,P08069
467,ENSG00000140287,HDC,HDC,DCHS_HUMAN,1125,P19113
505,ENSG00000140285,FGF7,FGF7,FGF7_HUMAN,424,P21781
1129,ENSG00000140009,ESR2,ESR2,ESR2_HUMAN,28,Q92731
603,ENSG00000139874,SSTR1,SSTR1,SSR1_HUMAN,498,P30872
545,ENSG00000139626,ITGB7,ITGB7,ITB7_HUMAN,457,P26010
1445,ENSG00000139574,NPFF,NPFF,NPFF_HUMAN,1270,O15130
665,ENSG00000139567,ACVRL1,ACVRL1,ACVL1_HUMAN,555,P37023
89,ENSG00000139549,DHH,DHH,DHH_HUMAN,83,O43323
123,ENSG00000139292,LGR5,LGR5,LGR5_HUMAN,115,O75473
1643,ENSG00000139287,TPH2,TPH2,TPH2_HUMAN,1322,Q8IWU9
861,ENSG00000139269,INHBE,INHBE,INHBE_HUMAN,674,P58166
219,ENSG00000139219,COL2A1,COL2A1,CO2A1_HUMAN,198,P02458
551,ENSG00000139193,CD27,CD27,CD27_HUMAN,463,P26842
1147,ENSG00000139187,KLRG1,KLRG1,KLRG1_HUMAN,906,Q96E93
1686,ENSG00000139182,CLSTN3,CLSTN3,CSTN3_HUMAN,1190,Q9BQT9
167,ENSG00000138798,EGF,EGF,EGF_HUMAN,154,P01133
925,ENSG00000138755,CXCL9,CXCL9,CXCL9_HUMAN,726,Q07325
36,ENSG00000138696,BMPR1B,BMPR1B,BMR1B_HUMAN,44,O00238
316,ENSG00000138685,FGF2,FGF2,FGF2_HUMAN,284,P09038
1226,ENSG00000138684,IL21,IL21,IL21_HUMAN,971,Q9HBE4
369,ENSG00000138675,FGF5,FGF5,FGF5_HUMAN,321,P12034
121,ENSG00000138623,SEMA7A,SEMA7A,SEM7A_HUMAN,114,O75326
280,ENSG00000138448,ITGAV,ITGAV,ITAV_HUMAN,252,P06756
228,ENSG00000138435,CHRNA1,CHRNA1,ACHA_HUMAN,207,P02708
61,ENSG00000138379,MSTN,MSTN,GDF8_HUMAN,66,O14793
230,ENSG00000138207,RBP4,RBP4,RET4_HUMAN,209,P02753
808,ENSG00000138185,ENTPD1,ENTPD1,ENTP1_HUMAN,629,P49961
521,ENSG00000138039,LHCGR,LHCGR,LSHR_HUMAN,438,P22888
1104,ENSG00000137872,SEMA6D,SEMA6D,SEM6D_HUMAN,870,Q8NFY4
367,ENSG00000137869,CYP19A1,CYP19A1,CP19A_HUMAN,1136,P11511
1190,ENSG00000137868,STRA6,STRA6,STRA6_HUMAN,941,Q9BX79
1293,ENSG00000137809,ITGA11,ITGA11,ITA11_HUMAN,1034,Q9UKX5
291,ENSG00000137801,THBS1,THBS1,TSP1_HUMAN,262,P07996
340,ENSG00000137714,FDX1,FDX1,ADX_HUMAN,1080,P10109
1127,ENSG00000137642,SORL1,SORL1,SORL_HUMAN,890,Q92673
96,ENSG00000137252,HCRTR2,HCRTR2,OX2R_HUMAN,90,O43614
507,ENSG00000137101,CD72,CD72,CD72_HUMAN,426,P21854
207,ENSG00000137080,IFNA21,IFNA21,IFN21_HUMAN,186,P01568
49,ENSG00000137077,CCL21,CCL21,CCL21_HUMAN,56,O00585
973,ENSG00000137070,IL11RA,IL11RA,I11RA_HUMAN,771,Q14626
148,ENSG00000137033,IL33,IL33,IL33_HUMAN,136,O95760
1460,ENSG00000136928,GABBR2,GABBR2,GABR2_HUMAN,1209,O75899
1597,ENSG00000136750,GAD2,GAD2,DCE2_HUMAN,1196,Q05329
335,ENSG00000136698,CFC1,CFC1,CFC1_HUMAN,298,P0CG37
1121,ENSG00000136697,IL1F10,IL1F10,IL1FA_HUMAN,884,Q8WWZ1
1263,ENSG00000136696,IL36B,IL36B,IL36B_HUMAN,1005,Q9NZH7
1275,ENSG00000136695,IL36RN,IL36RN,I36RA_HUMAN,1017,Q9UBH0
1284,ENSG00000136694,IL36A,IL36A,IL36A_HUMAN,1025,Q9UHA7
461,ENSG00000136689,IL1RN,IL1RN,IL1RA_HUMAN,387,P18510
1264,ENSG00000136688,IL36G,IL36G,IL36G_HUMAN,1006,Q9NZH8
515,ENSG00000136634,IL10,IL10,IL10_HUMAN,433,P22301
184,ENSG00000136487,GH2,GH2,SOM2_HUMAN,170,P01242
269,ENSG00000136244,IL6,IL6,IL6_HUMAN,242,P05231
1519,ENSG00000136160,EDNRB,EDNRB,EDNRB_HUMAN,1204,P24530
106,ENSG00000136040,PLXNC1,PLXNC1,PLXC1_HUMAN,100,O60486
1203,ENSG00000135925,WNT10A,WNT10A,WN10A_HUMAN,953,Q9GZT5
691,ENSG00000135914,HTR2B,HTR2B,5HT2B_HUMAN,575,P41595
1600,ENSG00000135902,CHRND,CHRND,ACHD_HUMAN,1160,Q07001
1311,ENSG00000135898,GPR55,GPR55,GPR55_HUMAN,1051,Q9Y2T6
359,ENSG00000135862,LAMC1,LAMC1,LAMC1_HUMAN,314,P11047
162,ENSG00000135744,AGT,AGT,ANGT_HUMAN,149,P01019
565,ENSG00000135577,NMBR,NMBR,NMBR_HUMAN,474,P28336
662,ENSG00000135503,ACVR1B,ACVR1B,ACV1B_HUMAN,552,P36896
955,ENSG00000135424,ITGA7,ITGA7,ITA7_HUMAN,753,Q13683
1737,ENSG00000135423,GLS2,GLS2,GLSL_HUMAN,1225,Q9UI32
139,ENSG00000135414,GDF11,GDF11,GDF11_HUMAN,128,O95390
1007,ENSG00000135409,AMHR2,AMHR2,AMHR2_HUMAN,797,Q16671
178,ENSG00000135346,CGA,CGA,GLHA_HUMAN,1333,P01215
984,ENSG00000135333,EPHA7,EPHA7,EPHA7_HUMAN,779,Q15375
1345,ENSG00000135318,NT5E,NT5E,5NTD_HUMAN,1158,P21589
561,ENSG00000135312,HTR1B,HTR1B,5HT1B_HUMAN,471,P28222
1455,ENSG00000135298,ADGRB3,ADGRB3,AGRB3_HUMAN,1166,O60242
441,ENSG00000135218,CD36,CD36,CD36_HUMAN,375,P16671
1115,ENSG00000135077,HAVCR2,HAVCR2,HAVR2_HUMAN,878,Q8TDQ0
243,ENSG00000135046,ANXA1,ANXA1,ANXA1_HUMAN,219,P04083
1078,ENSG00000134962,KLB,KLB,KLOTB_HUMAN,849,Q86Z14
302,ENSG00000134871,COL4A2,COL4A2,CO4A2_HUMAN,272,P08572
434,ENSG00000134853,PDGFRA,PDGFRA,PGFRA_HUMAN,367,P16234
1271,ENSG00000134830,C5AR2,C5AR2,C5AR2_HUMAN,1013,Q9P296
651,ENSG00000134817,APLNR,APLNR,APJ_HUMAN,543,P35414
1312,ENSG00000134780,DAGLA,DAGLA,DGLA_HUMAN,1052,Q9Y4D2
929,ENSG00000134765,DSC1,DSC1,DSC1_HUMAN,729,Q08554
971,ENSG00000134762,DSC3,DSC3,DSC3_HUMAN,769,Q14574
900,ENSG00000134760,DSG1,DSG1,DSG1_HUMAN,709,Q02413
901,ENSG00000134755,DSC2,DSC2,DSC2_HUMAN,710,Q02487
800,ENSG00000134640,MTNR1B,MTNR1B,MTR1B_HUMAN,621,P49286
118,ENSG00000134569,LRP4,LRP4,LRP4_HUMAN,111,O75096
1187,ENSG00000134548,SPX,SPX,SPXN_HUMAN,938,Q9BT56
548,ENSG00000134545,KLRC1,KLRC1,NKG2A_HUMAN,460,P26715
939,ENSG00000134539,KLRD1,KLRD1,KLRD1_HUMAN,738,Q13241
1213,ENSG00000134489,HRH4,HRH4,HRH4_HUMAN,963,Q9H3N8
941,ENSG00000134470,IL15RA,IL15RA,I15RA_HUMAN,740,Q13261
216,ENSG00000134460,IL2RA,IL2RA,IL2RA_HUMAN,195,P01589
287,ENSG00000134443,GRP,GRP,GRP_HUMAN,258,P07492
677,ENSG00000134352,IL6ST,IL6ST,IL6RB_HUMAN,561,P40189
170,ENSG00000134259,NGF,NGF,NGF_HUMAN,157,P01138
909,ENSG00000134250,NOTCH2,NOTCH2,NOTC2_HUMAN,717,Q04721
1137,ENSG00000134245,WNT2B,WNT2B,WNT2B_HUMAN,897,Q93097
1172,ENSG00000134243,SORT1,SORT1,SORT_HUMAN,924,Q99523
179,ENSG00000134200,TSHB,TSHB,TSHB_HUMAN,165,P01222
1327,ENSG00000134121,CHL1,CHL1,NCHL1_HUMAN,1263,O00533
1537,ENSG00000133661,SFTPD,SFTPD,SFTPD_HUMAN,1308,P35247
609,ENSG00000133636,NTS,NTS,NEUT_HUMAN,504,P30990
581,ENSG00000133216,EPHB2,EPHB2,EPHB2_HUMAN,484,P29323
1282,ENSG00000133116,KL,KL,KLOT_HUMAN,1023,Q9UEF7
1123,ENSG00000133105,RXFP2,RXFP2,RXFP2_HUMAN,886,Q8WXD0
1228,ENSG00000133067,LGR6,LGR6,LGR6_HUMAN,973,Q9HBX8
481,ENSG00000133019,CHRM3,CHRM3,ACM3_HUMAN,402,P20309
480,ENSG00000132965,ALOX5AP,ALOX5AP,AL5AP_HUMAN,401,P20292
1202,ENSG00000132911,NMUR2,NMUR2,NMUR2_HUMAN,952,Q9GZQ4
612,ENSG00000132671,SSTR4,SSTR4,SSR4_HUMAN,507,P31391
431,ENSG00000132470,ITGB4,ITGB4,ITB4_HUMAN,365,P16144
488,ENSG00000132437,DDC,DDC,DDC_HUMAN,1139,P20711
112,ENSG00000132329,RAMP1,RAMP1,RAMP1_HUMAN,105,O60894
668,ENSG00000132170,PPARG,PPARG,PPARG_HUMAN,22,P37231
1563,ENSG00000132164,SLC6A11,SLC6A11,S6A11_HUMAN,1294,P48066
453,ENSG00000131981,LGALS3,LGALS3,LEG3_HUMAN,380,P17931
180,ENSG00000131808,FSHB,FSHB,FSHB_HUMAN,166,P01225
346,ENSG00000131759,RARA,RARA,RARA_HUMAN,1070,P10276
878,ENSG00000131724,IL13RA1,IL13RA1,I13R1_HUMAN,687,P78552
1097,ENSG00000131650,KREMEN2,KREMEN2,KREM2_HUMAN,1100,Q8NCW0
113,ENSG00000131477,RAMP2,RAMP2,RAMP2_HUMAN,106,O60895
1711,ENSG00000131409,LRRC4B,LRRC4B,LRC4B_HUMAN,1253,Q9NT99
839,ENSG00000131408,NR1H2,NR1H2,NR1H2_HUMAN,14,P55055
1531,ENSG00000131389,SLC6A6,SLC6A6,SC6A6_HUMAN,1303,P31641
82,ENSG00000131142,CCL25,CCL25,CCL25_HUMAN,78,O15444
1491,ENSG00000131096,PYY,PYY,PYY_HUMAN,1108,P10082
1462,ENSG00000131094,C1QL1,C1QL1,C1QRF_HUMAN,1178,O75973
1195,ENSG00000131019,ULBP3,ULBP3,N2DL3_HUMAN,946,Q9BZM4
1196,ENSG00000131015,ULBP2,ULBP2,N2DL2_HUMAN,947,Q9BZM5
666,ENSG00000130948,HSD17B3,HSD17B3,DHB3_HUMAN,1149,P37058
822,ENSG00000130827,PLXNA3,PLXNA3,PLXA3_HUMAN,642,P51805
1560,ENSG00000130821,SLC6A8,SLC6A8,SC6A8_HUMAN,1304,P48029
493,ENSG00000130635,COL5A1,COL5A1,CO5A1_HUMAN,413,P20908
215,ENSG00000130427,EPO,EPO,EPO_HUMAN,194,P01588
153,ENSG00000130385,BMP15,BMP15,BMP15_HUMAN,141,O95972
933,ENSG00000130303,BST2,BST2,BST2_HUMAN,733,Q10589
557,ENSG00000130283,GDF1,GDF1,GDF1_HUMAN,468,P27539
223,ENSG00000130203,APOE,APOE,APOE_HUMAN,202,P02649
1128,ENSG00000130202,NECTIN2,NECTIN2,PVRL2_HUMAN,891,Q92692
1502,ENSG00000129167,TPH1,TPH1,TPH1_HUMAN,1321,P17752
1238,ENSG00000129048,ACKR4,ACKR4,ACKR4_HUMAN,983,Q9NPB9
131,ENSG00000128918,ALDH1A2,ALDH1A2,AL1A2_HUMAN,1133,O94788
1247,ENSG00000128917,DLL4,DLL4,DLL4_HUMAN,991,Q9NR61
1681,ENSG00000128683,GAD1,GAD1,DCE1_HUMAN,1195,Q99259
51,ENSG00000128567,PODXL,PODXL,PODXL_HUMAN,58,O00592
416,ENSG00000128342,LIF,LIF,LIF_HUMAN,352,P15018
110,ENSG00000128310,GALR3,GALR3,GALR3_HUMAN,104,O60755
1177,ENSG00000128285,MCHR1,MCHR1,MCHR1_HUMAN,929,Q99705
576,ENSG00000128271,ADORA2A,ADORA2A,AA2AR_HUMAN,479,P29274
1065,ENSG00000128165,ADM2,ADM2,ADM2_HUMAN,839,Q7Z4H4
657,ENSG00000128052,KDR,KDR,VGFR2_HUMAN,548,P35968
2,ENSG00000128039,SRD5A3,SRD5A3,PORED_HUMAN,1146,Q9H8P0
1679,ENSG00000127533,F2RL3,F2RL3,PAR4_HUMAN,1283,Q96RI0
1373,ENSG00000127507,ADGRE2,ADGRE2,AGRE2_HUMAN,1167,Q9UHX3
1205,ENSG00000127318,IL22,IL22,IL22_HUMAN,955,Q9GZX6
1506,ENSG00000127129,EDN2,EDN2,EDN2_HUMAN,1116,P20800
1183,ENSG00000127083,OMD,OMD,OMD_HUMAN,935,Q99983
595,ENSG00000126895,AVPR2,AVPR2,V2R_HUMAN,491,P30518
1720,ENSG00000126500,FLRT1,FLRT1,FLRT1_HUMAN,1205,Q9NZU1
621,ENSG00000126353,CCR7,CCR7,CCR7_HUMAN,516,P32248
353,ENSG00000126351,THRA,THRA,THA_HUMAN,16,P10827
1276,ENSG00000126264,HCST,HCST,HCST_HUMAN,1018,Q9UBK5
1219,ENSG00000126246,IGFLR1,IGFLR1,IGFR1_HUMAN,967,Q9H665
158,ENSG00000126218,F10,F10,FA10_HUMAN,145,P00742
600,ENSG00000126010,GRPR,GRPR,GRPR_HUMAN,495,P30550
700,ENSG00000125965,GDF5,GDF5,GDF5_HUMAN,583,P43026
1206,ENSG00000125861,GFRA4,GFRA4,GFRA4_HUMAN,956,Q9GZZ7
1719,ENSG00000125848,FLRT3,FLRT3,FLRT3_HUMAN,1207,Q9NZU0
375,ENSG00000125845,BMP2,BMP2,BMP2_HUMAN,327,P12643
1372,ENSG00000125810,CD93,CD93,C1QR1_HUMAN,1177,Q9NPY3
91,ENSG00000125787,GNRH2,GNRH2,GON2_HUMAN,85,O43555
92,ENSG00000125735,TNFSF14,TNFSF14,TNF14_HUMAN,86,O43557
163,ENSG00000125730,C3,C3,CO3_HUMAN,150,P01024
628,ENSG00000125726,CD70,CD70,CD70_HUMAN,523,P32970
1552,ENSG00000125675,GRIA3,GRIA3,GRIA3_HUMAN,1231,P42263
689,ENSG00000125657,TNFSF9,TNFSF9,TNFL9_HUMAN,573,P41273
108,ENSG00000125650,PSPN,PSPN,PSPN_HUMAN,102,O60542
1262,ENSG00000125571,IL37,IL37,IL37_HUMAN,1004,Q9NZH6
214,ENSG00000125538,IL1B,IL1B,IL1B_HUMAN,193,P01584
685,ENSG00000125510,OPRL1,OPRL1,OPRX_HUMAN,569,P41146
703,ENSG00000125384,PTGER2,PTGER2,PE2R2_HUMAN,586,P43116
376,ENSG00000125378,BMP4,BMP4,BMP4_HUMAN,328,P12644
827,ENSG00000125266,EFNB2,EFNB2,EFNB2_HUMAN,646,P52799
253,ENSG00000125084,WNT1,WNT1,WNT1_HUMAN,228,P04628
75,ENSG00000124882,EREG,EREG,EREG_HUMAN,72,O14944
882,ENSG00000124875,CXCL6,CXCL6,CXCL6_HUMAN,691,P80162
1155,ENSG00000124749,COL21A1,COL21A1,COLA1_HUMAN,911,Q96P44
1615,ENSG00000124493,GRM4,GRM4,GRM4_HUMAN,1242,Q14833
888,ENSG00000124479,NDP,NDP,NDP_HUMAN,697,Q00604
614,ENSG00000124469,CEACAM8,CEACAM8,CEAM8_HUMAN,509,P31997
1267,ENSG00000124391,IL17C,IL17C,IL17C_HUMAN,1009,Q9P0M4
889,ENSG00000124334,IL9R,IL9R,IL9R_HUMAN,698,Q01113
1004,ENSG00000124212,PTGIS,PTGIS,PTGIS_HUMAN,1150,Q16647
1497,ENSG00000124205,EDN3,EDN3,EDN3_HUMAN,1203,P14138
693,ENSG00000124089,MC3R,MC3R,MC3R_HUMAN,577,P41968
265,ENSG00000123999,INHA,INHA,INHA_HUMAN,238,P05111
1099,ENSG00000123612,ACVR1C,ACVR1C,ACV1C_HUMAN,865,Q8NER5
908,ENSG00000123500,COL10A1,COL10A1,COAA1_HUMAN,716,Q03692
974,ENSG00000123496,IL13RA2,IL13RA2,I13R2_HUMAN,772,Q14627
317,ENSG00000123454,DBH,DBH,DOPO_HUMAN,285,P09172
797,ENSG00000123146,ADGRE5,ADGRE5,CD97_HUMAN,618,P48960
160,ENSG00000122861,PLAU,PLAU,UROK_HUMAN,147,P00749
824,ENSG00000122787,AKR1D1,AKR1D1,AK1D1_HUMAN,1102,P51857
554,ENSG00000122756,CNTFR,CNTFR,CNTFR_HUMAN,465,P26992
114,ENSG00000122679,RAMP3,RAMP3,RAMP3_HUMAN,107,O60896
300,ENSG00000122641,INHBA,INHBA,INHBA_HUMAN,270,P08476
1478,ENSG00000122585,NPY,NPY,NPY_HUMAN,1272,P01303
701,ENSG00000122420,PTGFR,PTGFR,PF2R_HUMAN,584,P43088
1198,ENSG00000122223,CD244,CD244,CD244_HUMAN,949,Q9BZW8
159,ENSG00000122194,PLG,PLG,PLMN_HUMAN,146,P00747
660,ENSG00000122025,FLT3,FLT3,FLT3_HUMAN,550,P36888
555,ENSG00000121989,ACVR2A,ACVR2A,AVR2A_HUMAN,466,P27037
868,ENSG00000121966,CXCR4,CXCR4,CXCR4_HUMAN,678,P61073
1469,ENSG00000121871,SLITRK3,SLITRK3,SLIK3_HUMAN,1311,O94933
811,ENSG00000121858,TNFSF10,TNFSF10,TNF10_HUMAN,632,P50591
1663,ENSG00000121853,GHSR,GHSR,GHSR_HUMAN,1129,Q92847
692,ENSG00000121807,CCR2,CCR2,CCR2_HUMAN,576,P41597
42,ENSG00000121797,CCRL2,CCRL2,CCRL2_HUMAN,50,O00421
95,ENSG00000121764,HCRTR1,HCRTR1,OX1R_HUMAN,89,O43613
1454,ENSG00000121753,ADGRB2,ADGRB2,AGRB2_HUMAN,1165,O60241
1757,ENSG00000121743,GJA3,GJA3,CXA3_HUMAN,1192,Q9Y6H8
632,ENSG00000121594,CD80,CD80,CD80_HUMAN,526,P33681
358,ENSG00000121351,IAPP,IAPP,IAPP_HUMAN,313,P10997
575,ENSG00000120949,TNFRSF8,TNFRSF8,TNR8_HUMAN,478,P28908
645,ENSG00000120907,ADRA1A,ADRA1A,ADA1A_HUMAN,538,P35348
993,ENSG00000120903,CHRNA2,CHRNA2,ACHA2_HUMAN,786,Q15822
58,ENSG00000120889,TNFRSF10B,TNFRSF10B,TR10B_HUMAN,63,O14763
355,ENSG00000120885,CLU,CLU,CLUS_HUMAN,310,P10909
60,ENSG00000120659,TNFSF11,TNFSF11,TNF11_HUMAN,65,O14788
1302,ENSG00000120337,TNFSF18,TNFSF18,TNF18_HUMAN,1043,Q9UNG2
1551,ENSG00000120251,GRIA2,GRIA2,GRIA2_HUMAN,1230,P42262
625,ENSG00000120242,IFNA8,IFNA8,IFNA8_HUMAN,520,P32881
256,ENSG00000120235,IFNA6,IFNA6,IFNA6_HUMAN,231,P05013
1265,ENSG00000120217,CD274,CD274,PD1L1_HUMAN,1007,Q9NZQ7
903,ENSG00000120156,TEK,TEK,TIE2_HUMAN,712,Q02763
1027,ENSG00000120057,SFRP5,SFRP5,SFRP5_HUMAN,808,Q5T4F7
802,ENSG00000119973,PRLHR,PRLHR,PRLHR_HUMAN,623,P49683
149,ENSG00000119737,GPR75,GPR75,GPR75_HUMAN,137,O95800
348,ENSG00000119699,TGFB3,TGFB3,TGFB3_HUMAN,306,P10600
804,ENSG00000119630,PGF,PGF,PLGF_HUMAN,625,P49763
1165,ENSG00000119535,CSF3R,CSF3R,CSF3R_HUMAN,920,Q99062
1204,ENSG00000118972,FGF23,FGF23,FGF23_HUMAN,954,Q9GZV9
347,ENSG00000118785,SPP1,SPP1,OSTP_HUMAN,305,P10451
190,ENSG00000118702,GHRH,GHRH,SLIB_HUMAN,176,P01286
497,ENSG00000118432,CNR1,CNR1,CNR1_HUMAN,417,P21554
104,ENSG00000118257,NRP2,NRP2,NRP2_HUMAN,98,O60462
222,ENSG00000118137,APOA1,APOA1,APOA1_HUMAN,201,P02647
605,ENSG00000117971,CHRNB4,CHRNB4,ACHB4_HUMAN,500,P30926
525,ENSG00000117586,TNFSF4,TNFSF4,TNFL4_HUMAN,442,P23510
786,ENSG00000117560,FASLG,FASLG,TNFL6_HUMAN,609,P48023
1321,ENSG00000117425,PTCH2,PTCH2,PTC2_HUMAN,1073,Q9Y6C5
1028,ENSG00000117407,ARTN,ARTN,ARTN_HUMAN,809,Q5T4W7
681,ENSG00000117400,MPL,MPL,TPOR_HUMAN,565,P40238
424,ENSG00000117335,CD46,CD46,MCP_HUMAN,359,P15529
478,ENSG00000117322,CR2,CR2,CR2_HUMAN,399,P20023
152,ENSG00000117281,CD160,CD160,BY55_HUMAN,140,O95971
1472,ENSG00000117114,ADGRL2,ADGRL2,AGRL2_HUMAN,1170,O95490
318,ENSG00000117091,CD48,CD48,CD48_HUMAN,286,P09326
277,ENSG00000116824,CD2,CD2,CD2_HUMAN,249,P06729
469,ENSG00000116815,CD58,CD58,LFA3_HUMAN,393,P19256
792,ENSG00000116678,LEPR,LEPR,LEPR_HUMAN,614,P48357
683,ENSG00000116329,OPRD1,OPRD1,OPRD_HUMAN,567,P41143
986,ENSG00000116133,DHCR24,DHCR24,DHC24_HUMAN,1067,Q15392
837,ENSG00000116106,EPHA4,EPHA4,EPHA4_HUMAN,655,P54764
1666,ENSG00000116014,KISS1R,KISS1R,KISSR_HUMAN,1099,Q969F8
1505,ENSG00000115884,SDC1,SDC1,SDC1_HUMAN,1306,P18827
242,ENSG00000115718,PROC,PROC,PROC_HUMAN,218,P04070
282,ENSG00000115705,TPO,TPO,PERT_HUMAN,1145,P07202
1694,ENSG00000115665,SLC5A7,SLC5A7,SC5A7_HUMAN,1297,Q9GZV3
137,ENSG00000115607,IL18RAP,IL18RAP,I18RA_HUMAN,126,O95256
949,ENSG00000115604,IL18R1,IL18R1,IL18R_HUMAN,748,Q13478
891,ENSG00000115602,IL1RL1,IL1RL1,ILRL1_HUMAN,700,Q01638
1223,ENSG00000115598,IL1RL2,IL1RL2,ILRL2_HUMAN,968,Q9HB29
1322,ENSG00000115596,WNT6,WNT6,WNT6_HUMAN,1061,Q9Y6F9
414,ENSG00000115594,IL1R1,IL1R1,IL1R1_HUMAN,350,P14778
559,ENSG00000115590,IL1R2,IL1R2,IL1R2_HUMAN,469,P27930
1468,ENSG00000115419,GLS,GLS,GLSK_HUMAN,1224,O94925
229,ENSG00000115414,FN1,FN1,FINC_HUMAN,208,P02751
539,ENSG00000115353,TACR1,TACR1,NK1R_HUMAN,454,P25103
188,ENSG00000115263,GCG,GCG,GLUC_HUMAN,174,P01275
390,ENSG00000115232,ITGA4,ITGA4,ITA4_HUMAN,339,P13612
462,ENSG00000115221,ITGB6,ITGB6,ITB6_HUMAN,388,P18564
910,ENSG00000115170,ACVR1,ACVR1,ACVR1_HUMAN,718,Q04771
175,ENSG00000115138,POMC,POMC,COLI_HUMAN,162,P01189
879,ENSG00000115009,CCL20,CCL20,CCL20_HUMAN,688,P78556
213,ENSG00000115008,IL1A,IL1A,IL1A_HUMAN,192,P01583
618,ENSG00000114812,VIPR1,VIPR1,VIPR1_HUMAN,513,P32241
956,ENSG00000114739,ACVR2B,ACVR2B,AVR2B_HUMAN,754,Q13705
1260,ENSG00000114631,PODXL2,PODXL2,PDXL2_HUMAN,1002,Q9NZ53
1289,ENSG00000114554,PLXNA1,PLXNA1,PLXA1_HUMAN,1030,Q9UIW2
899,ENSG00000114270,COL7A1,COL7A1,CO7A1_HUMAN,708,Q02388
688,ENSG00000114251,WNT5A,WNT5A,WNT5A_HUMAN,572,P41221
694,ENSG00000114013,CD86,CD86,CD86_HUMAN,578,P42081
165,ENSG00000113889,KNG1,KNG1,KNG1_HUMAN,152,P01042
1061,ENSG00000113763,UNC5A,UNC5A,UNC5A_HUMAN,835,Q6ZN44
531,ENSG00000113749,HRH2,HRH2,HRH2_HUMAN,447,P25021
323,ENSG00000113721,PDGFRB,PDGFRB,PGFRB_HUMAN,291,P09619
698,ENSG00000113594,LIFR,LIFR,LIFR_HUMAN,581,P42702
248,ENSG00000113580,NR3C1,NR3C1,GCR_HUMAN,4,P04150
268,ENSG00000113578,FGF1,FGF1,FGF1_HUMAN,241,P05230
267,ENSG00000113525,IL5,IL5,IL5_HUMAN,240,P05113
266,ENSG00000113520,IL4,IL4,IL4_HUMAN,239,P05112
438,ENSG00000113494,PRLR,PRLR,PRLR_HUMAN,371,P16471
845,ENSG00000113361,CDH6,CDH6,CADH6_HUMAN,662,P55285
1504,ENSG00000113327,GABRG2,GABRG2,GBRG2_HUMAN,1220,P18507
586,ENSG00000113302,IL12B,IL12B,IL12B_HUMAN,487,P29460
1446,ENSG00000113262,GRM6,GRM6,GRM6_HUMAN,1244,O15303
1166,ENSG00000113070,HBEGF,HBEGF,HBEGF_HUMAN,921,Q99075
356,ENSG00000112964,GHR,GHR,GHR_HUMAN,311,P10912
951,ENSG00000112902,SEMA5A,SEMA5A,SEM5A_HUMAN,750,Q13591
1684,ENSG00000112759,SLC29A1,SLC29A1,S29A1_HUMAN,1290,Q99808
426,ENSG00000112715,VEGFA,VEGFA,VEGFA_HUMAN,360,P15692
819,ENSG00000112486,CCR6,CCR6,CCR6_HUMAN,639,P51684
1638,ENSG00000112414,ADGRG6,ADGRG6,AGRG6_HUMAN,1169,Q86SQ4
492,ENSG00000112280,COL9A1,COL9A1,CO9A1_HUMAN,412,P20849
1026,ENSG00000112195,TREML2,TREML2,TRML2_HUMAN,807,Q5T2D2
512,ENSG00000112175,BMP5,BMP5,BMP5_HUMAN,430,P22003
706,ENSG00000112164,GLP1R,GLP1R,GLP1R_HUMAN,589,P43220
1158,ENSG00000112116,IL17F,IL17F,IL17F_HUMAN,914,Q96PD4
997,ENSG00000112115,IL17A,IL17A,IL17_HUMAN,790,Q16552
40,ENSG00000112041,TULP1,TULP1,TULP1_HUMAN,48,O00294
648,ENSG00000112038,OPRM1,OPRM1,OPRM_HUMAN,541,P35372
905,ENSG00000112033,PPARD,PPARD,PPARD_HUMAN,26,Q03181
1197,ENSG00000111981,ULBP1,ULBP1,N2DL1_HUMAN,948,Q9BZM6
1178,ENSG00000111799,COL12A1,COL12A1,COCA1_HUMAN,930,Q99715
936,ENSG00000111796,KLRB1,KLRB1,KLRB1_HUMAN,736,Q12918
212,ENSG00000111537,IFNG,IFNG,IFNG_HUMAN,191,P01579
1244,ENSG00000111536,IL26,IL26,IL26_HUMAN,988,Q9NPH9
1297,ENSG00000111432,FZD10,FZD10,FZD10_HUMAN,1038,Q9ULW2
365,ENSG00000111424,VDR,VDR,VDR_HUMAN,30,P11473
664,ENSG00000111321,LTBR,LTBR,TNR3_HUMAN,554,P36941
351,ENSG00000111241,FGF6,FGF6,FGF6_HUMAN,309,P10767
1208,ENSG00000111186,WNT5B,WNT5B,WNT5B_HUMAN,958,Q9H1J7
1562,ENSG00000111181,SLC6A12,SLC6A12,S6A12_HUMAN,1295,P48065
330,ENSG00000111144,LTA4H,LTA4H,LKHA4_HUMAN,1157,P09960
86,ENSG00000111012,CYP27B1,CYP27B1,CP27B_HUMAN,1065,O15528
981,ENSG00000110958,PTGES3,PTGES3,TEBP_HUMAN,1105,Q15185
1241,ENSG00000110944,IL23A,IL23A,IL23A_HUMAN,985,Q9NPF7
967,ENSG00000110876,SELPLG,SELPLG,SELPL_HUMAN,765,Q14242
1125,ENSG00000110852,CLEC2B,CLEC2B,CLC2B_HUMAN,888,Q92478
251,ENSG00000110799,VWF,VWF,VWF_HUMAN,226,P04275
185,ENSG00000110680,CALCA,CALCA,CALC_HUMAN,171,P01258
504,ENSG00000110492,MDK,MDK,MK_HUMAN,423,P21741
1554,ENSG00000110436,SLC1A2,SLC1A2,EAA2_HUMAN,1198,P43004
982,ENSG00000110400,NECTIN1,NECTIN1,PVRL1_HUMAN,777,Q15223
954,ENSG00000110324,IL10RA,IL10RA,I10R1_HUMAN,752,Q13651
617,ENSG00000110148,CCKBR,CCKBR,GASR_HUMAN,512,P32239
1580,ENSG00000110076,NRXN2,NRXN2,NRX2B_HUMAN,1276,P58401
146,ENSG00000109943,CRTAM,CRTAM,CRTAM_HUMAN,134,O95727
1565,ENSG00000109738,GLRB,GLRB,GLRB_HUMAN,1223,P48167
867,ENSG00000109471,IL2,IL2,IL2_HUMAN,677,P60568
423,ENSG00000109321,AREG,AREG,AREG_HUMAN,358,P15514
796,ENSG00000109255,NMU,NMU,NMU_HUMAN,617,P48645
5,ENSG00000109193,SULT1E1,SULT1E1,ST1E1_HUMAN,1153,P49888
607,ENSG00000109163,GNRHR,GNRHR,GNRHR_HUMAN,502,P30968
1566,ENSG00000109158,GABRA4,GABRA4,GBRA4_HUMAN,1213,P48169
241,ENSG00000109072,VTN,VTN,VTNC_HUMAN,217,P04004
992,ENSG00000108947,EFNB3,EFNB3,EFNB3_HUMAN,785,Q15768
1477,ENSG00000108849,PPY,PPY,PAHO_HUMAN,1138,P01298
456,ENSG00000108839,ALOX12,ALOX12,LOX12_HUMAN,1094,P18054
218,ENSG00000108821,COL1A1,COL1A1,CO1A1_HUMAN,197,P02452
407,ENSG00000108786,HSD17B1,HSD17B1,DHB1_HUMAN,1137,P14061
516,ENSG00000108702,CCL1,CCL1,CCL1_HUMAN,434,P22362
880,ENSG00000108700,CCL8,CCL8,CCL8_HUMAN,689,P80075
385,ENSG00000108691,CCL2,CCL2,CCL2_HUMAN,335,P13500
881,ENSG00000108688,CCL7,CCL7,CCL7_HUMAN,690,P80098
389,ENSG00000108622,ICAM2,ICAM2,ICAM2_HUMAN,338,P13598
1533,ENSG00000108576,SLC6A4,SLC6A4,SC6A4_HUMAN,1301,P31645
1596,ENSG00000108556,CHRNE,CHRNE,ACHE_HUMAN,1161,Q04844
329,ENSG00000108342,CSF3,CSF3,CSF3_HUMAN,295,P09919
133,ENSG00000107984,DKK1,DKK1,DKK1_HUMAN,122,O94907
841,ENSG00000107831,FGF8,FGF8,FGF8_HUMAN,658,P55075
673,ENSG00000107798,LIPA,LIPA,LICH_HUMAN,1122,P38571
661,ENSG00000107779,BMPR1A,BMPR1A,BMR1A_HUMAN,551,P36894
1701,ENSG00000107738,VSIR,VSIR,VISTA_HUMAN,1330,Q9H7M9
1085,ENSG00000107731,UNC5B,UNC5B,UNC5B_HUMAN,855,Q8IZJ1
107,ENSG00000107611,CUBN,CUBN,CUBN_HUMAN,101,O60494
788,ENSG00000107562,CXCL12,CXCL12,SDF1_HUMAN,611,P48061
1547,ENSG00000107317,PTGDS,PTGDS,PTGDS_HUMAN,1286,P41222
1480,ENSG00000107018,RLN1,RLN1,REL1_HUMAN,1135,P04808
245,ENSG00000107014,RLN2,RLN2,REL2_HUMAN,221,P04090
629,ENSG00000106952,TNFSF8,TNFSF8,TNFL8_HUMAN,524,P32971
976,ENSG00000106853,PTGR1,PTGR1,PTGR1_HUMAN,1092,Q14914
164,ENSG00000106804,C5,C5,CO5_HUMAN,151,P01031
663,ENSG00000106799,TGFBR1,TGFBR1,TGFR1_HUMAN,553,P36897
1555,ENSG00000106688,SLC1A1,SLC1A1,EAA3_HUMAN,1199,P43005
1182,ENSG00000106538,RARRES2,RARRES2,RARR2_HUMAN,934,Q99969
1034,ENSG00000106483,SFRP4,SFRP4,SFRP4_HUMAN,815,Q6FHJ7
1305,ENSG00000106327,TFR2,TFR2,TFR2_HUMAN,1045,Q9UP52
524,ENSG00000106278,PTPRZ1,PTPRZ1,PTPRZ_HUMAN,441,P23471
32,ENSG00000106178,CCL24,CCL24,CCL24_HUMAN,40,O00175
902,ENSG00000106128,GHRHR,GHRHR,GHRHR_HUMAN,711,Q02643
80,ENSG00000106123,EPHB6,EPHB6,EPHB6_HUMAN,1335,O15197
944,ENSG00000106113,CRHR2,CRHR2,CRFR2_HUMAN,743,Q13324
690,ENSG00000106018,VIPR2,VIPR2,VIPR2_HUMAN,574,P41587
321,ENSG00000105989,WNT2,WNT2,WNT2_HUMAN,289,P09544
305,ENSG00000105976,MET,MET,MET_HUMAN,274,P08581
494,ENSG00000105894,PTN,PTN,PTN_HUMAN,414,P21246
546,ENSG00000105855,ITGB8,ITGB8,ITB8_HUMAN,458,P26012
1105,ENSG00000105767,CADM4,CADM4,CADM4_HUMAN,871,Q8NFZ8
1621,ENSG00000105737,GRIK5,GRIK5,GRIK5_HUMAN,1238,Q16478
1254,ENSG00000105550,FGF21,FGF21,FGF21_HUMAN,997,Q9NSA1
1447,ENSG00000105464,GRIN2D,GRIN2D,NMDE4_HUMAN,1071,O15399
945,ENSG00000105426,PTPRS,PTPRS,PTPRS_HUMAN,744,Q13332
3,ENSG00000105398,SULT2A1,SULT2A1,ST2A1_HUMAN,1151,Q06520
278,ENSG00000105388,CEACAM5,CEACAM5,CEAM5_HUMAN,250,P06731
975,ENSG00000105371,ICAM4,ICAM4,ICAM4_HUMAN,773,Q14773
169,ENSG00000105329,TGFB1,TGFB1,TGFB1_HUMAN,156,P01137
990,ENSG00000105281,SLC1A5,SLC1A5,AAAT_HUMAN,783,Q15758
966,ENSG00000105246,EBI3,EBI3,IL27B_HUMAN,764,Q14213
1567,ENSG00000105143,SLC1A6,SLC1A6,EAA4_HUMAN,1200,P48664
1048,ENSG00000104998,IL27RA,IL27RA,I27RA_HUMAN,824,Q6UWB1
1212,ENSG00000104938,CLEC4M,CLEC4M,CLC4M_HUMAN,962,Q9H2X3
279,ENSG00000104921,FCER2,FCER2,FCER2_HUMAN,251,P06734
240,ENSG00000104899,AMH,AMH,MIS_HUMAN,216,P03971
1724,ENSG00000104888,SLC17A7,SLC17A7,VGLU1_HUMAN,1326,Q9P2U7
851,ENSG00000104870,FCGRT,FCGRT,FCGRN_HUMAN,665,P55899
1489,ENSG00000104827,CGB3,CGB3,CGB3_HUMAN,1186,P0DN86
181,ENSG00000104826,LHB,LHB,LSHB_HUMAN,167,P01229
1629,ENSG00000104818,CGB2,CGB2,CGB2_HUMAN,1185,Q6NT52
931,ENSG00000104760,FGL1,FGL1,FGL1_HUMAN,731,Q08830
34,ENSG00000104689,TNFRSF10A,TNFRSF10A,TR10A_HUMAN,42,O00220
380,ENSG00000104432,IL7,IL7,IL7_HUMAN,332,P13232
1091,ENSG00000104332,SFRP1,SFRP1,SFRP1_HUMAN,858,Q8N474
1242,ENSG00000104290,FZD3,FZD3,FZD3_HUMAN,986,Q9NPG1
1032,ENSG00000103855,CD276,CD276,CD276_HUMAN,813,Q5ZPR3
1517,ENSG00000103546,SLC6A2,SLC6A2,SC6A2_HUMAN,1299,P23975
1227,ENSG00000103522,IL21R,IL21R,IL21R_HUMAN,972,Q9HBE5
1126,ENSG00000102970,CCL17,CCL17,CCL17_HUMAN,889,Q92583
52,ENSG00000102962,CCL22,CCL22,CCL22_HUMAN,59,O00626
1514,ENSG00000102924,CBLN1,CBLN1,CBLN1_HUMAN,1180,P23435
455,ENSG00000102755,FLT1,FLT1,VGFR1_HUMAN,382,P17948
611,ENSG00000102678,FGF9,FGF9,FGF9_HUMAN,506,P31371
88,ENSG00000102539,MLNR,MLNR,MTLR_HUMAN,82,O43193
1310,ENSG00000102524,TNFSF13B,TNFSF13B,TN13B_HUMAN,1050,Q9Y275
562,ENSG00000102468,HTR2A,HTR2A,5HT2A_HUMAN,472,P28223
1584,ENSG00000102287,GABRE,GABRE,GBRE_HUMAN,1219,P78334
587,ENSG00000102245,CD40LG,CD40LG,CD40L_HUMAN,488,P29965
1513,ENSG00000101958,GLRA2,GLRA2,GLRA2_HUMAN,1093,P23416
1248,ENSG00000101916,TLR8,TLR8,TLR8_HUMAN,1354,Q9NR97
823,ENSG00000101850,GPR143,GPR143,GP143_HUMAN,643,P51810
695,ENSG00000101440,ASIP,ASIP,ASIP_HUMAN,579,P42127
1699,ENSG00000101438,SLC32A1,SLC32A1,VIAAT_HUMAN,1329,Q9H598
173,ENSG00000101405,OXT,OXT,NEU1_HUMAN,160,P01178
876,ENSG00000101384,JAG1,JAG1,JAG1_HUMAN,685,P78504
177,ENSG00000101327,PDYN,PDYN,PDYN_HUMAN,164,P01213
37,ENSG00000101307,SIRPB1,SIRPB1,SIRB1_HUMAN,45,O00241
1101,ENSG00000101292,PROKR2,PROKR2,PKR2_HUMAN,867,Q8NFJ6
1019,ENSG00000101282,RSPO4,RSPO4,RSPO4_HUMAN,802,Q2I0M5
1308,ENSG00000101280,ANGPT4,ANGPT4,ANGP4_HUMAN,1048,Q9Y264
763,ENSG00000101204,CHRNA4,CHRNA4,ACHA4_HUMAN,595,P43681
1270,ENSG00000101203,COL20A1,COL20A1,COKA1_HUMAN,1012,Q9P218
174,ENSG00000101200,AVP,AVP,NEU2_HUMAN,161,P01185
1530,ENSG00000101188,NTSR1,NTSR1,NTR1_HUMAN,1081,P30989
1315,ENSG00000101180,HRH3,HRH3,HRH3_HUMAN,1055,Q9Y5N1
457,ENSG00000101144,BMP7,BMP7,BMP7_HUMAN,383,P18075
543,ENSG00000101017,CD40,CD40,TNR5_HUMAN,456,P25942
1303,ENSG00000101000,PROCR,PROCR,PROCR_HUMAN,6,Q9UNN8
778,ENSG00000100739,BDKRB1,BDKRB1,BKRB1_HUMAN,602,P46663
1486,ENSG00000100448,CTSG,CTSG,CATG_HUMAN,1179,P08311
415,ENSG00000100385,IL2RB,IL2RB,IL2RB_HUMAN,351,P14784
626,ENSG00000100368,CSF2RB,CSF2RB,IL3RB_HUMAN,521,P32927
166,ENSG00000100311,PDGFB,PDGFB,PDGFB_HUMAN,153,P01127
658,ENSG00000099998,GGT5,GGT5,GGT5_HUMAN,1078,P36269
1283,ENSG00000099994,SUSD2,SUSD2,SUSD2_HUMAN,1024,Q9UGT4
393,ENSG00000099985,OSM,OSM,ONCM_HUMAN,341,P13725
948,ENSG00000099866,MADCAM1,MADCAM1,MADCA_HUMAN,747,Q13477
99,ENSG00000099617,EFNA2,EFNA2,EFNA2_HUMAN,93,O43921
59,ENSG00000099250,NRP1,NRP1,NRP1_HUMAN,64,O14786
697,ENSG00000096996,IL12RB1,IL12RB1,I12R1_HUMAN,580,P42701
378,ENSG00000096395,MLN,MLN,MOTI_HUMAN,330,P12872
1261,ENSG00000095970,TREM2,TREM2,TREM2_HUMAN,1003,Q9NZC2
490,ENSG00000095752,IL11,IL11,IL11_HUMAN,410,P20809
1257,ENSG00000095539,SEMA4G,SEMA4G,SEM4G_HUMAN,999,Q9NTN9
872,ENSG00000092969,TGFB2,TGFB2,TGFB2_HUMAN,681,P61812
421,ENSG00000092820,EZR,EZR,EZRI_HUMAN,356,P15311
961,ENSG00000092758,COL9A3,COL9A3,CO9A3_HUMAN,759,Q14050
914,ENSG00000092445,TYRO3,TYRO3,TYRO3_HUMAN,722,Q06418
1211,ENSG00000092421,SEMA6A,SEMA6A,SEM6A_HUMAN,961,Q9H2E6
1119,ENSG00000092096,SLC22A17,SLC22A17,S22AH_HUMAN,882,Q8WUG5
687,ENSG00000091972,CD200,CD200,OX2G_HUMAN,571,P41217
78,ENSG00000091879,ANGPT2,ANGPT2,ANGP2_HUMAN,75,O15123
239,ENSG00000091831,ESR1,ESR1,ESR1_HUMAN,0,P03372
1725,ENSG00000091664,SLC17A6,SLC17A6,VGLU2_HUMAN,1327,Q9P2U8
236,ENSG00000091513,TF,TF,TRFE_HUMAN,215,P02787
523,ENSG00000091409,ITGA6,ITGA6,ITA6_HUMAN,440,P23229
890,ENSG00000091181,IL5RA,IL5RA,IL5RA_HUMAN,699,Q01344
1367,ENSG00000091129,NRCAM,NRCAM,NRCAM_HUMAN,1273,Q92823
1258,ENSG00000090932,DLL3,DLL3,DLL3_HUMAN,1000,Q9NYJ7
1133,ENSG00000090863,GLG1,GLG1,GSLG1_HUMAN,894,Q92896
887,ENSG00000090776,EFNB1,EFNB1,EFNB1_HUMAN,696,P98172
1235,ENSG00000090659,CD209,CD209,CD209_HUMAN,980,Q9NNX6
807,ENSG00000090554,FLT3LG,FLT3LG,FLT3L_HUMAN,628,P49771
680,ENSG00000090534,THPO,THPO,TPO_HUMAN,564,P40225
270,ENSG00000090339,ICAM1,ICAM1,ICAM1_HUMAN,243,P05362
463,ENSG00000089692,LAG3,LAG3,LAG3_HUMAN,389,P18627
1269,ENSG00000089012,SIRPG,SIRPG,SIRPG_HUMAN,1011,Q9P1W8
1199,ENSG00000088827,SIGLEC1,SIGLEC1,SN_HUMAN,1353,Q9BZZ2
1218,ENSG00000088367,EPB41L1,EPB41L1,E41L1_HUMAN,966,Q9H4G0
374,ENSG00000087494,PTHLH,PTHLH,PTHR_HUMAN,326,P12272
299,ENSG00000087245,MMP2,MMP2,MMP2_HUMAN,269,P08253
237,ENSG00000087086,FTL,FTL,FRIL_HUMAN,25,P02792
678,ENSG00000086548,CEACAM6,CEACAM6,CEAM6_HUMAN,562,P40199
154,ENSG00000085741,WNT11,WNT11,WNT11_HUMAN,142,O96014
417,ENSG00000085662,AKR1B1,AKR1B1,ALDR_HUMAN,1142,P15121
1291,ENSG00000085514,PILRA,PILRA,PILRA_HUMAN,1032,Q9UKJ1
246,ENSG00000084674,APOB,APOB,APOB_HUMAN,222,P04114
924,ENSG00000084636,COL16A1,COL16A1,COGA1_HUMAN,725,Q07092
1339,ENSG00000084234,APLP2,APLP2,APLP2_HUMAN,1172,Q06481
672,ENSG00000083457,ITGAE,ITGAE,ITAE_HUMAN,559,P38570
458,ENSG00000082781,ITGB5,ITGB5,ITB5_HUMAN,384,P18084
684,ENSG00000082556,OPRK1,OPRK1,OPRK_HUMAN,568,P41145
978,ENSG00000082293,COL19A1,COL19A1,COJA1_HUMAN,775,Q14993
276,ENSG00000082175,PGR,PGR,PRGR_HUMAN,23,P06401
1176,ENSG00000081985,IL12RB2,IL12RB2,I12R2_HUMAN,928,Q99665
1294,ENSG00000081138,CDH7,CDH7,CADH7_HUMAN,1035,Q9ULB5
829,ENSG00000081052,COL4A4,COL4A4,CO4A4_HUMAN,648,P53420
476,ENSG00000081041,CXCL2,CXCL2,CXCL2_HUMAN,397,P19875
622,ENSG00000080644,CHRNA3,CHRNA3,ACHA3_HUMAN,517,P32297
542,ENSG00000080573,COL5A3,COL5A3,CO5A3_HUMAN,1340,P25940
781,ENSG00000080293,SCTR,SCTR,SCTR_HUMAN,605,P47872
392,ENSG00000079385,CEACAM1,CEACAM1,CEAM1_HUMAN,340,P13688
1553,ENSG00000079215,SLC1A3,SLC1A3,EAA1_HUMAN,1197,P43003
1237,ENSG00000078579,FGF20,FGF20,FGF20_HUMAN,982,Q9NP95
1548,ENSG00000078549,ADCYAP1R1,ADCYAP1R1,PACR_HUMAN,1147,P41586
1482,ENSG00000078401,EDN1,EDN1,EDN1_HUMAN,1202,P05305
830,ENSG00000077943,ITGA8,ITGA8,ITA8_HUMAN,649,P53708
364,ENSG00000077782,FGFR1,FGFR1,FGFR1_HUMAN,318,P11362
413,ENSG00000077498,TYR,TYR,TYRO_HUMAN,1114,P14679
528,ENSG00000077238,IL4R,IL4R,IL4RA_HUMAN,445,P24394
352,ENSG00000077092,RARB,RARB,RARB_HUMAN,1069,P10826
1371,ENSG00000076706,MCAM,MCAM,MUC18_HUMAN,1262,P43121
627,ENSG00000076662,ICAM3,ICAM3,ICAM3_HUMAN,522,P32942
115,ENSG00000076356,PLXNA2,PLXNA2,PLXA2_HUMAN,108,O75051
307,ENSG00000075388,FGF4,FGF4,FGF4_HUMAN,276,P08620
1138,ENSG00000075290,WNT8B,WNT8B,WNT8B_HUMAN,898,Q93098
1184,ENSG00000075223,SEMA3C,SEMA3C,SEM3C_HUMAN,936,Q99985
970,ENSG00000075213,SEMA3A,SEMA3A,SEM3A_HUMAN,768,Q14563
495,ENSG00000075073,TACR2,TACR2,NK2R_HUMAN,415,P21452
1224,ENSG00000074527,NTN4,NTN4,NET4_HUMAN,969,Q9HB63
1299,ENSG00000074181,NOTCH3,NOTCH3,NOTC3_HUMAN,1040,Q9UM47
1185,ENSG00000073737,DHRS9,DHRS9,DHRS9_HUMAN,1155,Q9BPW9
418,ENSG00000073008,PVR,PVR,PVR_HUMAN,353,P15151
235,ENSG00000072274,TFRC,TFRC,TFR1_HUMAN,214,P02786
1467,ENSG00000072071,ADGRL1,ADGRL1,AGRL1_HUMAN,1148,O94910
885,ENSG00000071677,PRLH,PRLH,PRRP_HUMAN,694,P81277
580,ENSG00000070886,EPHA8,EPHA8,EPHA8_HUMAN,483,P29322
563,ENSG00000070748,CHAT,CHAT,CLAT_HUMAN,1089,P28329
1234,ENSG00000070388,FGF22,FGF22,FGF22_HUMAN,979,Q9HCT0
85,ENSG00000070193,FGF10,FGF10,FGF10_HUMAN,80,O15520
904,ENSG00000069702,TGFBR3,TGFBR3,TGBR3_HUMAN,713,Q03167
649,ENSG00000069667,RORA,RORA,RORA_HUMAN,15,P35398
1288,ENSG00000069493,CLEC2D,CLEC2D,CLC2D_HUMAN,1029,Q9UHP7
518,ENSG00000069482,GAL,GAL,GALA_HUMAN,436,P22466
520,ENSG00000068078,FGFR3,FGFR3,FGFR3_HUMAN,437,P22607
471,ENSG00000067182,TNFRSF1A,TNFRSF1A,TNR1A_HUMAN,395,P19438
506,ENSG00000066468,FGFR2,FGFR2,FGFR2_HUMAN,425,P21802
1301,ENSG00000065618,COL17A1,COL17A1,COHA1_HUMAN,1042,Q9UMD9
508,ENSG00000065361,ERBB3,ERBB3,ERBB3_HUMAN,427,P21860
151,ENSG00000065325,GLP2R,GLP2R,GLP2R_HUMAN,139,O95838
144,ENSG00000065320,NTN1,NTN1,NET1_HUMAN,132,O95631
1000,ENSG00000064989,CALCRL,CALCRL,CALRL_HUMAN,793,Q16602
1703,ENSG00000064547,LPAR2,LPAR2,LPAR2_HUMAN,1251,Q9HBW0
1024,ENSG00000064309,CDON,CDON,CDON_HUMAN,806,Q4KMG0
294,ENSG00000064300,NGFR,NGFR,TNR16_HUMAN,265,P08138
514,ENSG00000062038,CDH3,CDH3,CADH3_HUMAN,432,P22223
1207,ENSG00000061492,WNT8A,WNT8A,WNT8A_HUMAN,957,Q9H1J5
370,ENSG00000060718,COL11A1,COL11A1,COBA1_HUMAN,322,P12107
529,ENSG00000059377,TBXAS1,TBXAS1,THAS_HUMAN,1111,P24557
1251,ENSG00000056736,IL17RB,IL17RB,I17RB_HUMAN,994,Q9NRM6
1753,ENSG00000056291,NPFFR2,NPFFR2,NPFF2_HUMAN,1271,Q9Y5X5
1008,ENSG00000053747,LAMA3,LAMA3,LAMA3_HUMAN,798,Q16787
702,ENSG00000050628,PTGER3,PTGER3,PE2R3_HUMAN,585,P43115
923,ENSG00000049249,TNFRSF9,TNFRSF9,TNR9_HUMAN,724,Q07011
141,ENSG00000049247,UTS2,UTS2,UTS2_HUMAN,130,O95399
498,ENSG00000049130,KITLG,KITLG,SCF_HUMAN,418,P21583
962,ENSG00000049089,COL9A2,COL9A2,CO9A2_HUMAN,760,Q14055
897,ENSG00000048462,TNFRSF17,TNFRSF17,TNR17_HUMAN,706,Q02223
965,ENSG00000046604,DSG2,DSG2,DSG2_HUMAN,763,Q14126
579,ENSG00000044524,EPHA3,EPHA3,EPHA3_HUMAN,482,P29320
306,ENSG00000043591,ADRB1,ADRB1,ADRB1_HUMAN,275,P08588
186,ENSG00000042832,TG,TG,THYG_HUMAN,172,P01266
530,ENSG00000041982,TNC,TNC,TENA_HUMAN,446,P24821
1692,ENSG00000040608,RTN4R,RTN4R,RTN4R_HUMAN,1289,Q9BZR6
377,ENSG00000039068,CDH1,CDH1,CADH1_HUMAN,329,P12830
656,ENSG00000037280,FLT4,FLT4,VGFR3_HUMAN,547,P35916
1577,ENSG00000036565,SLC18A1,SLC18A1,VMAT1_HUMAN,1331,P54219
79,ENSG00000030304,MUSK,MUSK,MUSK_HUMAN,76,O15146
482,ENSG00000028137,TNFRSF1B,TNFRSF1B,TNR1B_HUMAN,403,P20333
420,ENSG00000027697,IFNGR1,IFNGR1,INGR1_HUMAN,355,P15260
429,ENSG00000026508,CD44,CD44,CD44_HUMAN,363,P16070
48,ENSG00000026297,RNASET2,RNASET2,RNT2_HUMAN,55,O00584
541,ENSG00000026103,FAS,FAS,TNR6_HUMAN,455,P25445
938,ENSG00000025434,NR1H3,NR1H3,NR1H3_HUMAN,3,Q13133
57,ENSG00000025423,HSD17B6,HSD17B6,H17B6_HUMAN,1079,O14756
1498,ENSG00000022355,GABRA1,GABRA1,GBRA1_HUMAN,1210,P14867
1705,ENSG00000021645,NRXN3,NRXN3,NRX3B_HUMAN,1277,Q9HDB5
1675,ENSG00000020181,ADGRA2,ADGRA2,AGRA2_HUMAN,1163,Q96PE1
410,ENSG00000019991,HGF,HGF,HGF_HUMAN,347,P14210
250,ENSG00000019582,CD74,CD74,HG2A_HUMAN,225,P04233
934,ENSG00000018236,CNTN1,CNTN1,CNTN1_HUMAN,734,Q12860
259,ENSG00000017427,IGF1,IGF1,IGF1_HUMAN,234,P05019
1287,ENSG00000016402,IL20RA,IL20RA,I20RA_HUMAN,1028,Q9UHF4
437,ENSG00000015413,DPEP1,DPEP1,DPEP1_HUMAN,370,P16444
588,ENSG00000013725,CD6,CD6,CD6_HUMAN,489,P30203
1252,ENSG00000013583,HEBP1,HEBP1,HEBP1_HUMAN,995,Q9NRV9
1160,ENSG00000012504,NR1H4,NR1H4,NR1H4_HUMAN,9,Q96RI1
479,ENSG00000012124,CD22,CD22,CD22_HUMAN,400,P20273
1536,ENSG00000011677,GABRA3,GABRA3,GBRA3_HUMAN,1212,P34903
97,ENSG00000011600,TYROBP,TYROBP,TYOBP_HUMAN,91,O43914
906,ENSG00000011422,PLAUR,PLAUR,UPAR_HUMAN,714,Q03405
1022,ENSG00000010704,HFE,HFE,HFE_HUMAN,1349,Q30201
1709,ENSG00000010379,SLC6A13,SLC6A13,S6A13_HUMAN,1296,Q9NSD5
794,ENSG00000010310,GIPR,GIPR,GIPR_HUMAN,615,P48546
1741,ENSG00000009694,TENM1,TENM1,TEN1_HUMAN,1316,Q9UKZ4
1714,ENSG00000008300,CELSR3,CELSR3,CELR3_HUMAN,1088,Q9NYQ7
440,ENSG00000007908,SELE,SELE,LYAM2_HUMAN,373,P16581
503,ENSG00000006638,TBXA2R,TBXA2R,TA2R_HUMAN,422,P21731
1307,ENSG00000006606,CCL26,CCL26,CCL26_HUMAN,1047,Q9Y258
1236,ENSG00000006327,TNFRSF12A,TNFRSF12A,TNR12_HUMAN,981,Q9NP84
875,ENSG00000006210,CX3CL1,CX3CL1,X3CL1_HUMAN,684,P78423
483,ENSG00000006128,TAC1,TAC1,TKN1_HUMAN,404,P20366
301,ENSG00000005961,ITGA2B,ITGA2B,ITA2B_HUMAN,271,P08514
544,ENSG00000005884,ITGA3,ITGA3,ITA3_HUMAN,1341,P26006
486,ENSG00000005844,ITGAL,ITGAL,ITAL_HUMAN,407,P20701
608,ENSG00000004948,CALCR,CALCR,CALCR_HUMAN,503,P30988
574,ENSG00000004468,CD38,CD38,CD38_HUMAN,477,P28907
1313,ENSG00000004399,PLXND1,PLXND1,PLXD1_HUMAN,1053,Q9Y4D7
1281,ENSG00000002745,WNT16,WNT16,WNT16_HUMAN,1022,Q9UBV4
409,ENSG00000002586,CD99,CD99,CD99_HUMAN,346,P14209
942,ENSG00000001617,SEMA3F,SEMA3F,SEM3F_HUMAN,741,Q13275
